0,0,0,9.73946220188127e-06,0,-0,-0,0,0,0.000837176832105453,0,0,0
0.05,0,0,0.000175377533978986,0,-0,-0,0,0,0.00687331485269489,0,0,0
0.1,0,0,0.000777157258654583,0,-0,-0,0,0,0.0176785895335952,0,0,0
0.15,0,0,0.00198589771436665,0,-0,-0,0,0,0.0312155374484658,0,0,0
0.2,0,0,0.00396477528034662,0,-0,-0,0,0,0.0485940467071836,0,0,0
0.25,0,0,0.00689781275014381,0,-0,-0,0,0,0.0691421108553783,0,0,0
0.3,0,0,0.0109196209155388,0,-0,-0,0,0,0.0921712582998408,0,0,0
0.35,0,0,0.016160123751311,0,-0,-0,0,0,0.117868217463479,0,0,0
0.4,0,0,0.0227423524771113,0,-0,-0,0,0,0.145735331215655,0,0,0
0.45,0,0,0.0307641188010415,0,-0,-0,0,0,0.175438588574883,0,0,0
0.5,0,0,0.0403149763108928,0,-0,-0,0,0,0.206854173904427,0,0,0
0.55,0,0,0.0514720785434285,0,-0,-0,0,0,0.239630002606245,0,0,0
0.6,0,0,0.0642965424598635,0,-0,-0,0,0,0.273520564523855,0,0,0
0.65,0,0,0.0788393691083574,0,-0,-0,0,0,0.308321536934891,0,0,0
0.7,0,0,0.0951393477055412,0,-0,-0,0,0,0.343764829174008,0,0,0
0.75,0,0,0.113222969291108,0,-0,-0,0,0,0.379634884190419,0,0,0
0.8,0,0,0.133106491711101,0,-0,-0,0,0,0.415723607221419,0,0,0
0.85,0,0,0.15479530454916,0,-0,-0,0,0,0.451812108873526,0,0,0
0.9,0,0,0.178284475203021,0,-0,-0,0,0,0.487706853169588,0,0,0
0.95,0,0,0.203559609133136,0,-0,-0,0,0,0.523218863444019,0,0,0
1,0,0,0.230596896498099,0,-0,-0,0,0,0.558163569913927,0,0,0
1.05,0,0,0.259363672521656,0,-0,-0,0,0,0.592370756162654,0,0,0
1.1,0,0,0.289818944097344,0,-0,-0,0,0,0.625676536480039,0,0,0
1.15,0,0,0.321913701200201,0,-0,-0,0,0,0.65792518649197,0,0,0
1.2,0,0,0.355591419375309,0,-0,-0,0,0,0.688971442988547,0,0,0
1.25,0,0,0.390788508373788,0,-0,-0,0,0,0.71867776754688,0,0,0
1.3,0,0,0.427434714356897,0,-0,-0,0,0,0.746915487092383,0,0,0
1.35,0,0,0.465453585325543,0,-0,-0,0,0,0.773565158257807,0,0,0
1.4,0,0,0.504762907028442,0,-0,-0,0,0,0.798515732097299,0,0,0
1.45,0,0,0.545275133029851,0,-0,-0,0,0,0.821665061749194,0,0,0
1.5,0,0,0.586897833475244,0,-0,-0,0,0,0.842919883849942,0,0,0
1.55,0,0,0.629534131399029,0,-0,-0,0,0,0.862195593857182,0,0,0
1.6,0,0,0.673083140338536,0,-0,-0,0,0,0.879416437676,0,0,0
1.65,0,0,0.717440406769659,0,-0,-0,0,0,0.894515461839209,0,0,0
1.7,0,0,0.762498348001488,0,-0,-0,0,0,0.9074344635339,0,0,0
1.75,0,0,0.808146691488931,0,-0,-0,0,0,0.918124054804086,0,0,0
1.8,0,0,0.85427291513636,0,-0,-0,0,0,0.926543633906969,0,0,0
1.85,0,0,0.900762686124935,0,-0,-0,0,0,0.932661378296676,0,0,0
1.9,0,0,0.947500300473262,0,-0,-0,0,0,0.936454263864561,0,0,0
1.95,0,0,0.994369122698612,0,-0,-0,0,0,0.937908052595292,0,0,0
2,0,0,1.0412520250499,0,-0,-0,0,0,0.937017293524111,0,0,0
2.05,0,0,1.08803182704167,0,-0,-0,0,0,0.933785327788666,0,0,0
2.1,0,0,1.1345917349454,0,-0,-0,0,0,0.928224284065519,0,0,0
2.15,0,0,1.18081578117338,0,-0,-0,0,0,0.920355079897728,0,0,0
2.2,0,0,1.22658926377014,0,-0,-0,0,0,0.910207422770028,0,0,0
2.25,0,0,1.27179918586712,0,-0,-0,0,0,0.897819808606762,0,0,0
2.3,0,0,1.31633469511642,0,-0,-0,0,0,0.883239522486387,0,0,0
2.35,0,0,1.360087523159,0,-0,-0,0,0,0.866522638769556,0,0,0
2.4,0,0,1.40295242507466,0,-0,-0,0,0,0.847734020657359,0,0,0
2.45,0,0,1.44482761883064,0,-0,-0,0,0,0.826947320490312,0,0,0
2.5,0,0,1.48561522473987,0,-0,-0,0,0,0.804244979713697,0,0,0
2.55,0,0,1.52522170491209,0,-0,-0,0,0,0.779718228764613,0,0,0
2.6,0,0,1.56355830270617,0,-0,-0,0,0,0.75346708718018,0,0,0
2.65,0,0,1.60054148218484,0,-0,-0,0,0,0.725600363562894,0,0,0
2.7,0,0,1.6360933675669,0,-0,-0,0,0,0.696235655557699,0,0,0
2.75,0,0,1.67014218268032,0,-0,-0,0,0,0.665499349886959,0,0,0
2.8,0,0,1.70262269041582,0,-0,-0,0,0,0.633526622332879,0,0,0
2.85,0,0,1.73347663217965,0,-0,-0,0,0,0.600461437735287,0,0,0
2.9,0,0,1.76265316734676,0,-0,-0,0,0,0.566456550001724,0,0,0
2.95,0,0,1.79010931271407,0,-0,-0,0,0,0.531673502100356,0,0,0
3,0,0,1.81581038195343,0,-0,-0,0,0,0.496282626060809,0,0,0
3.05,0,0,1.83973042506484,0,-0,-0,0,0,0.460463042976999,0,0,0
3.1,0,0,1.86185266782956,0,-0,-0,0,0,0.424402663004422,0,0,0
3.15,0,0,1.8821699512632,0,-0,-0,0,0,0.388298185360893,0,0,0
3.2,0,0,1.90068517106888,0,-0,-0,0,0,0.352355098327285,0,0,0
3.25,0,0,1.91741171709037,0,-0,-0,0,0,0.316787679246768,0,0,0
3.3,0,0,1.93237391276515,0,-0,-0,0,0,0.281818994524784,0,0,0
3.35,0,0,1.9456074545776,0,-0,-0,0,0,0.247680899629463,0,0,0
3.4,0,0,1.95715985151209,0,-0,-0,0,0,0.2146140390916,0,0,0
3.45,0,0,1.96709086450613,0,-0,-0,0,0,0.182867846504149,0,0,0
3.5,0,0,1.97547294590346,0,-0,-0,0,0,0.152700544522785,0,0,0
3.55,0,0,1.98239167890719,0,-0,-0,0,0,0.124379144865752,0,0,0
3.6,0,0,1.98794621703297,0,-0,-0,0,0,0.0981794483133885,0,0,0
3.65,0,0,1.99224972356203,0,-0,-0,0,0,0.074386044709124,0,0,0
3.69999999999999,0,0,1.99542981099438,0,-0,-0,0,0,0.0532923129584204,0,0,0
3.74999999999999,0,0,1.99762898050188,0,-0,-0,0,0,0.0352004210293201,0,0,0
3.79999999999999,0,0,1.99900506138142,0,-0,-0,0,0,0.0204213259526428,0,0,0
3.84999999999999,0,0,1.99973165050799,0,-0,-0,0,0,0.00927477382134656,0,0,0
3.89999999999999,0,0,1.99999855178783,0,-0,-0,0,0,0.00208929979114449,0,0,0
3.94999999999999,0,0,2.00001221561095,0,-0,-0,0,0,-0.000797771933076396,0,0,0
3.99999999999999,1.90994477444714e-13,2.04010688914361e-05,1.99998613327607,-0.00647110977741878,7.55962336513773e-11,1.87032204917913e-09,1.43618241615219e-11,0.00137862057447862,9.07709813760208e-05,-0.158445229846077,6.76642985266634e-08,-3.06804036695488e-08
4.04999999999999,1.74847718638007e-12,0.000202392851691258,2.00000514435294,-0.0150189000938675,8.95372393938323e-11,2.12543183461481e-09,4.72025991584553e-11,0.00659559995783225,0.000289480967670227,-0.18485352865568,5.50900078763968e-08,1.35168877158594e-08
4.09999999999999,4.76922199305654e-12,0.000755368734060017,2.00000083847679,-0.0250232405155923,8.81035047777219e-11,2.16188249002811e-09,7.21876207499885e-11,0.0163437929695384,-0.000312625341841914,-0.215173401227011,1.8351350853624e-07,3.89264120584178e-08
4.14999999999999,8.84962413368016e-12,0.00192513602089687,1.99999294078825,-0.0364534256214015,8.91202548658232e-11,1.63190500883402e-09,9.0165775224557e-11,0.0313850429286644,5.3421736003984e-05,-0.240673449850531,4.8811114927188e-08,7.29304689755245e-10
4.19999999999999,1.372876026107e-11,0.00399186981883906,1.99999726835928,-0.0489119049223916,6.20872948044002e-11,7.2927002220705e-10,1.04740417852668e-10,0.0523004769119542,2.11933172193008e-06,-0.255491341771899,4.94599164057325e-08,-6.64174683014225e-09
4.24999999999999,1.93227142018486e-11,0.00725945016786699,1.99999134563746,-0.0617581496969843,3.70433834131662e-12,-3.72789267650667e-10,1.19084106697638e-10,0.0794606782378282,-0.000170121101401627,-0.25581580268105,5.11496626999389e-08,-3.8727804615245e-09
4.29999999999999,2.56021164235114e-11,0.012042961769333,1.9999860230939,-0.0742569082294445,-8.38780358330858e-11,-1.31145533987469e-09,1.31000129408473e-10,0.112907449328154,-4.16186811146565e-05,-0.242083315541675,4.55468080585885e-08,-1.45217941742515e-09
4.34999999999999,3.22154887250889e-11,0.0186492286273724,1.99998356660592,-0.0858003219402441,-1.87680754710708e-10,-1.91019223896126e-09,1.30511156503009e-10,0.152290944582142,-8.76803694873964e-05,-0.218405611854255,5.76603002564527e-08,2.43037137717609e-08
4.39999999999999,3.82645218358838e-11,0.0273619218660403,1.99997772073526,-0.0960190387344475,-3.09398693379602e-10,-2.10783141339582e-09,1.0675530174523e-10,0.197061656612685,-0.000119011395042474,-0.190103311093282,6.15497228699706e-07,3.89644553095543e-07
4.44999999999999,4.23498638874775e-11,0.0384339962465751,1.99997322123295,-0.10483705156531,-3.40387320586957e-10,-1.80755776693774e-09,5.08396718410395e-11,0.246548701095988,-6.65300580978972e-05,-0.163430424144114,4.83434078810365e-08,4.11869041072027e-08
4.49999999999999,4.27878322743791e-11,0.0520843362126307,1.99996969360773,-0.112479234094551,-3.4500350705605e-10,-1.20228710293874e-09,-3.81655406118655e-11,0.300095593713765,-8.25953148147171e-05,-0.143723273487888,5.96821787013126e-08,4.09420171423657e-08
4.54999999999999,3.81948092117169e-11,0.0685032912264791,1.99996529993954,-0.11937259026365,-2.83269082922928e-10,-4.57422623353223e-10,-1.47109799704421e-10,0.35723401021097,-8.50190101360619e-05,-0.133745431100939,6.70061800493281e-08,5.67405215651641e-08
4.59999999999999,2.81457765535761e-11,0.087863432843088,1.99996142208314,-0.126024138474424,-1.59292388419342e-10,2.52422537081918e-10,-2.51692597322332e-10,0.417722465900459,-7.47260159166526e-05,-0.133912967547431,8.59415286240392e-08,7.98824568530108e-08
4.64999999999999,1.36042041839471e-11,0.110331251213833,1.99995727349637,-0.132898599295122,1.09449811486865e-11,7.50779067512632e-10,-3.2160157054979e-10,0.481561028123032,-9.34861483222303e-05,-0.142121403768444,6.23194701966095e-08,5.30024599049539e-08
4.69999999999999,-2.96079749275786e-12,0.136078769693257,1.99995220871402,-0.140305603385413,1.87200047494407e-10,9.37281327859424e-10,-3.2875532223262e-10,0.548956825771747,-0.000106857413989797,-0.154496553794518,1.28238144660984e-07,1.12740583867531e-07
4.74999999999999,-1.79678246982286e-11,0.165291339137763,1.99994660188157,-0.148344059862189,3.36348146544292e-10,8.13156323478409e-10,-2.58369671980224e-10,0.620216872681173,-0.000119096953853002,-0.166666835586593,9.0978240759384e-08,8.24074709560298e-08
4.79999999999999,-2.75800541416568e-11,0.198169996554928,1.99994018143116,-0.15690282320277,4.03060471416477e-10,4.2504217637926e-10,-1.15645226318561e-10,0.695646092908844,-0.00013729324497464,-0.174754309191161,1.96583548890728e-07,1.98780768310054e-07
4.84999999999999,-2.87619673591635e-11,0.234929046215209,1.99993303236322,-0.165707264903539,3.69333825423464e-10,-9.36847685817705e-11,7.27242038133749e-11,0.775455491227476,-0.000146940857309612,-0.176236314636021,2.66232365377131e-07,2.12185981062739e-07
4.89999999999999,-2.02739673677667e-11,0.275789454939982,1.99992558916602,-0.174404232046871,2.43000020080476e-10,-5.97654053160753e-10,2.62932045915346e-10,0.859693377055607,-0.000150252511937924,-0.170506699742701,6.90139323782711e-08,6.1965621271215e-08
4.94999999999999,-3.27319266427878e-12,0.320970124461445,1.99991808415793,-0.182656616541662,1.10380788403216e-11,-9.91475566832826e-10,4.05158296733486e-10,0.948230579790403,-0.000148750983064468,-0.158785643458746,3.19761000251584e-07,2.77101015343682e-07
4.99999999999999,1.87291950134992e-11,0.370679572573415,1.99991083940962,-0.190223207223235,-2.29154784639364e-10,-1.15610571422e-09,4.57357287867989e-10,1.04078825486682,-0.000140117788012125,-0.143578149533968,1.2631087154963e-07,1.18232047154934e-07
5.04999999999999,4.0586498293309e-11,0.425109810194136,1.99990410923802,-0.19700860244867,-4.41588316536187e-10,-1.09529736423114e-09,3.97998526617556e-10,1.1369972049858,-0.000129145276328624,-0.128055612868381,-7.63779308051489e-08,8.20394579614719e-08
5.09999999999999,5.67710198138907e-11,0.484433769787559,1.99989790324858,-0.203071714207671,-5.76769040847164e-10,-8.46246113415044e-10,2.3414546849623e-10,1.23647690014589,-0.000119408262173618,-0.115108268528116,-1.26872813937686e-07,1.27278117843053e-07
5.14999999999999,6.28450143556757e-11,0.548806630436401,1.99989211902493,-0.208595149482541,-5.9092996526835e-10,-4.83194871683959e-10,1.6277754129684e-12,1.33890824382184,-0.000112695973688464,-0.106695060318134,-1.28954976729307e-07,1.21715951552755e-07
5.19999999999999,5.67267050189921e-11,0.618370249981062,1.99988654138674,-0.213827868054816,-4.74165124338022e-10,-1.11582204355832e-10,-2.43113081174463e-10,1.44408340660753,-0.000111402421877821,-0.103473222312445,-1.48087245000408e-07,1.61878716886254e-07
5.24999999999999,3.93813256049326e-11,0.69325933447872,1.99988088859442,-0.219017195300584,-2.48553132872114e-10,1.76088899197906e-10,-4.3738246846001e-10,1.55192426694403,-0.000115469943743392,-0.104751383284686,-2.45645114557156e-07,2.40296382441357e-07
5.29999999999999,1.47123229439604e-11,0.773607656554824,1.99987493327334,-0.224348398917928,3.32745280593009e-11,3.12813322965032e-10,-5.29122889897907e-10,1.66246634646167,-0.000123204138103462,-0.108818883601117,-4.46974810443319e-07,4.5282098310565e-07
5.34999999999999,-1.135475284172e-11,0.859552760612353,1.99986854051603,-0.229906201720175,3.12199092908971e-10,2.73009191101308e-10,-4.91502906432944e-10,1.77581645055492,-0.000132564128358475,-0.113471541911394,-9.68559773698695e-07,8.92889180295803e-07
5.39999999999999,-3.2368434491324e-11,0.951238174460963,1.99986169510799,-0.235665139274345,4.61556732340985e-10,1.53379282828501e-10,-3.30928839329434e-10,1.89209762097148,-0.00014084517948586,-0.116534318286919,-1.39454174576583e-07,1.12070703650873e-07
5.44999999999999,-4.30341556793344e-11,1.04881284743728,1.99985451382476,-0.241508288914105,5.13883907347647e-10,-9.4117632773644e-11,-8.63691724621629e-11,2.01139565279025,-0.000145696557190076,-0.116627706628035,-1.60678945981982e-07,1.65773524457867e-07
5.49999999999999,-4.06293775296021e-11,1.15242823993137,1.99984720424854,-0.247266892250714,4.24519806516968e-10,-3.51809019203264e-10,1.80497687641349e-10,2.13372055492622,-0.000145854408781856,-0.113143083500949,-1.48358472434494e-07,1.25068195972306e-07
5.54999999999999,-2.57582812411366e-11,1.26223404436628,1.99984001000239,-0.252768705339075,2.14694315144223e-10,-5.56321311151157e-10,4.01307521066694e-10,2.25899112293247,-0.000141160540404598,-0.106492247590558,-9.9007547134559e-08,8.16008484425503e-08
5.59999999999999,-2.22921126296183e-12,1.37837375458646,1.99983315117549,-0.257882168897598,-5.85120405971555e-11,-6.64586917327067e-10,5.19189365904984e-10,2.38704402031303,-0.000132720459754788,-0.0978488397955508,-1.19733511559497e-07,1.14157046118946e-07
5.64999999999999,2.39234421138738e-11,1.50098121918913,1.99982676655362,-0.262545673382829,-3.29807182869358e-10,-6.52244504536137e-10,5.040253564486e-10,2.51766284346659,-0.000122570963415558,-0.0887617077098236,-7.20397679733023e-08,7.17420065506998e-08
5.69999999999999,4.60154742484322e-11,1.63017896000116,1.99982088466446,-0.266775996210924,-5.2760096773281e-10,-5.39252969766752e-10,3.60534949214022e-10,2.65061783225178,-0.000112974227954936,-0.0807439827447494,-5.93251180636537e-08,5.91270917615715e-08
5.74999999999999,5.84621204942651e-11,1.76607850660795,1.9998154277893,-0.270655962946647,-6.03941249054354e-10,-3.64068951160873e-10,1.26944019477577e-10,2.78570495185706,-0.000105828330796598,-0.0748768230265165,-6.33297358122152e-08,6.61073209466973e-08
5.79999999999999,5.82270835988667e-11,1.90878245692265,1.99981024295219,-0.274306668657438,-5.42473651784111e-10,-1.76574168259356e-10,-1.35395636958514e-10,2.92277445345415,-0.000102177673098115,-0.0715858153805712,-6.72907356682215e-08,7.31293452839596e-08
5.84999999999999,4.55830297005385e-11,2.0583875632378,1.99980515174781,-0.277852995505553,-3.60100706581105e-10,-3.02121228836785e-11,-3.58512832293646e-10,3.0617426887938,-0.000101991661215297,-0.0706110332045693,-1.40256173573782e-07,1.79899977955956e-07
5.89999999999999,2.39871454689777e-11,2.21498795354747,1.99980000179156,-0.281391965829867,-1.10853556339239e-10,5.01800068409547e-11,-4.85867305006438e-10,3.20258592976659,-0.000104305100192375,-0.0711306669883931,-1.18119485202302e-07,2.10273203120605e-07
5.94999999999999,-8.81300213104225e-13,2.37867765970779,1.99979470546438,-0.284971690851932,1.42368080676946e-10,5.58859132168946e-11,-4.8704913403133e-10,3.34531974690589,-0.000107560066325951,-0.0720479803426563,-3.77906314848583e-08,9.2517628833808e-08
5.99999999999999,-2.26490188878744e-11,2.54955189159653,1.99978925864382,-0.288585129070471,3.36889234829199e-10,-1.50388891188856e-11,-3.65211663749604e-10,3.48997077557803,-0.000110054484303952,-0.0723126388569724,-2.2831331184292e-08,6.45678945129144e-08
6.04999999999999,-3.59239002786339e-11,2.72770687687616,1.9997837362206,-0.292178638536627,4.23977195161744e-10,-1.38622122079235e-10,-1.55415492808583e-10,3.63654889518585,-0.00011039891533202,-0.0711643544509946,-7.06742695649157e-08,1.949899547056e-07
6.09999999999999,-3.76690145838114e-11,2.91323847201478,1.99977826742564,-0.295671519506118,3.84261770957196e-10,-2.65885366350443e-10,8.54529412948425e-11,3.78502689877388,-0.000107850249047167,-0.068287546278113,-7.43338992408771e-08,2.26283206350383e-07
6.14999999999999,-2.79186073216414e-11,3.10624004310179,1.99977299900166,-0.298980331827969,2.33613039581124e-10,-3.60580884453888e-10,2.94278776327555e-10,3.93533207026925,-0.000102458235621175,-0.0638653740994069,-3.62839806218144e-08,1.14899980427992e-07
6.19999999999999,-9.66470969550639e-12,3.30680024970077,1.99976805634123,-0.302041202693144,1.51835828644602e-11,-4.09461536987194e-10,4.18514310771402e-10,4.08735057953704,-9.49976358263912e-05,-0.0584795926255289,-2.20349526480614e-08,6.74255523852201e-08
6.24999999999999,1.20299274056806e-11,3.51500132305765,1.99976351318903,-0.304824572197728,-2.12439995189122e-10,-4.0418765161613e-10,4.29628331025424e-10,4.24094220168769,-8.67027921663003e-05,-0.0528955096565244,-2.51820190767712e-08,8.42597612181849e-08
6.29999999999999,3.14308790152872e-11,3.73091823876705,1.99975937780136,-0.307339379693657,-3.91885701407491e-10,-3.53674385201698e-10,3.29696794127443e-10,4.39596042706859,-7.88938185769239e-05,-0.0478536879112019,-2.7919560221773e-08,1.94118704635913e-07
6.34999999999999,4.36526185449106e-11,3.95461890783136,1.99975559804954,-0.30962678022355,-4.75940501670504e-10,-2.6049837683569e-10,1.49611104262057e-10,4.5522721295923,-7.26118546109541e-05,-0.0438598748892577,-5.97222311843687e-09,5.91607401835334e-08
6.39999999999999,4.58920719292883e-11,4.18616523057152,1.99975208232037,-0.311746199586267,-4.52475249652981e-10,-1.7404948873443e-10,-6.02897666285669e-11,4.7097717018664,-6.83665645034235e-05,-0.0411357935767517,-9.81065761860706e-09,1.55223085022836e-07
6.44999999999999,3.80603002632158e-11,4.42561464958644,1.999748728828,-0.313758243017096,-3.30184402339782e-10,-1.02208910711582e-10,-2.44323235131583e-10,4.86838658059824,-6.60575158461239e-05,-0.0395213346587399,-7.84997865809463e-09,1.71069055827802e-07
6.49999999999998,2.26724479548569e-11,4.67302174853771,1.99974545438314,-0.315709260137722,-1.46356334772632e-10,-6.40099240539605e-11,-3.56326221034468e-10,5.02807369569219,-6.50695746652109e-05,-0.0386121428748383,-5.87127500803621e-09,1.65791851059835e-07
6.54999999999998,4.06060187469812e-12,4.9284394832519,1.99974221500499,-0.317621408960649,4.91494038114949e-11,-6.23583037053507e-11,-3.71271334428642e-10,5.18880880909611,-6.44929135488847e-05,-0.0378711509013906,-1.60458036573408e-09,9.43201803987146e-08
6.59999999999998,-1.28488234484761e-11,5.1919197750038,1.99973901390994,-0.319490169927969,2.04671779574683e-10,-9.60823364478111e-11,-2.90716657675692e-10,5.3505723412792,-6.33950507075562e-05,-0.0367957128055867,1.44744892300717e-10,5.01402762767348e-08
6.64999999999998,-2.38482888606369e-11,5.4635133932747,1.99973589618521,-0.321289101207707,2.82434980621856e-10,-1.52881653832189e-10,-1.40961102953902e-10,5.51333578717297,-6.1069583081719e-05,-0.0350359590488992,-1.92918247543305e-09,6.68670283753403e-08
6.69999999999998,-2.65020899273885e-11,5.74326924912822,1.9997329329251,-0.322979755027612,2.68459343238519e-10,-2.10624979363323e-10,3.52185473562391e-11,5.67705220288906,-5.72007635049284e-05,-0.0324649799787542,-2.86655269246206e-09,5.41801061960146e-08
6.74999999999998,-2.06760056982523e-11,6.03123336059225,1.99973020002343,-0.324523562754739,1.71437679832019e-10,-2.56211495681962e-10,1.90710985538355e-10,5.8416527878751,-5.19095036723474e-05,-0.0291984802934164,-4.68022733878756e-09,7.33138040555596e-08
6.79999999999998,-8.43371781879048e-12,6.32744780749501,1.99972775774916,-0.325892347060456,2.28433380540624e-11,-2.74969695244883e-10,2.86659060815715e-10,6.00704976240496,-4.56784634602373e-05,-0.0255216886400104,-4.25329706610192e-09,4.39011017002574e-08
6.84999999999998,6.63576465699534e-12,6.63194995961509,1.9997256365229,-0.32707485807617,-1.36819943179122e-10,-2.68634042095189e-10,3.02126764267526e-10,6.17314406148655,-3.91863553389725e-05,-0.0218091774059323,-4.41240649941443e-09,5.87448175886542e-08
6.89999999999998,2.04481775721525e-11,6.94477215737951,1.99972383215378,-0.328078083886643,-2.6570887605819e-10,-2.41515323896675e-10,2.38452034938277e-10,6.33983526144465,-3.31053474848474e-05,-0.0184037980607663,-4.33195249423193e-09,1.13637501893671e-07
6.94999999999998,2.95179595901759e-11,7.26594188422337,1.99972231086011,-0.328923605753951,-3.30119877849343e-10,-1.94471183308684e-10,1.17456415633505e-10,6.50703085988503,-2.79218346239511e-05,-0.0155246393120635,-1.18282916998149e-09,2.42925604766154e-08
6.99999999999998,3.18239503797964e-11,7.59548233539936,1.99972102162818,-0.329640545452447,-3.20899243842652e-10,-1.51092222108038e-10,-2.56209187160182e-11,6.67465253563837,-2.38281736535377e-05,-0.013252797527805,4.76547430832217e-10,1.88692243835557e-08
7.04999999999998,2.72341761051705e-11,7.93341319466157,1.99971991169746,-0.330257374282182,-2.44360681950325e-10,-1.18121485250805e-10,-1.52243615680167e-10,6.84263809571077,-2.070699446843e-05,-0.0114930455727376,1.77591731437352e-09,1.4582373429847e-08
7.09999999999998,1.74080262759779e-11,8.27975139791872,1.99971894061631,-0.330794871204833,-1.24975403146037e-10,-1.02538324054133e-10,-2.30869328753129e-10,7.01093911251298,-1.82006553748762e-05,-0.0100384797115286,2.43527003690803e-09,1.45839644928541e-08
7.14999999999998,5.23781649280174e-12,8.63451169292462,1.99971808928355,-0.331261948592517,3.42423282903097e-12,-1.06170084106911e-10,-2.44682782329002e-10,7.17951539305636,-1.58361461429802e-05,-0.0086343606422817,2.29993939561436e-09,2.56212494218865e-08
7.19999999999998,-5.99116925316782e-12,8.99770688083347,1.99971736218978,-0.331655096180412,1.0773556758645e-10,-1.23871352992753e-10,-1.94915082634022e-10,7.34832811937688,-1.31652885528334e-05,-0.00704840795805512,1.69087310174685e-09,1.51894914822488e-08
7.24999999999998,-1.34817806722409e-11,9.36934772301907,1.99971678308832,-0.331961151241093,1.62784894132475e-10,-1.49798214168867e-10,-9.91948968772736e-11,7.517333627042,-9.88158522635061e-06,-0.00513390936302014,6.33371905007192e-10,9.50706879331149e-09
7.29999999999998,-1.56135583564444e-11,9.74944258670837,1.99971638601843,-0.332162263484688,1.58414502168831e-10,-1.75549882023697e-10,1.42703936006836e-11,7.68647938302867,-5.88589723664946e-06,-0.00285354180849883,-5.4648610696013e-10,7.03578380987917e-09
7.34999999999998,-1.22729417194057e-11,10.1379969628795,1.99971620460076,-0.332241480296581,1.0063009499056e-10,-1.93683926448154e-10,1.14843647250089e-10,7.85570295651287,-1.28945497340989e-06,-0.000276917263343762,-1.5075753393371e-09,3.06086246369301e-09
7.39999999999998,-4.7659317318586e-12,10.5350130073704,1.99971626265579,-0.332187406208877,8.56705761349248e-12,-2.00222798923656e-10,1.77619377605184e-10,8.02493389092747,3.63968289399429e-06,0.00245009657947057,-2.03359156491694e-09,5.5237335663345e-09
7.44999999999998,4.63176798215157e-12,10.9404892316844,1.99971656850527,-0.331996822556392,-9.11425945341511e-11,-1.94187436004955e-10,1.89452294341503e-10,8.19409763032358,8.56606435035828e-06,0.00515470727447516,-2.00013053848206e-09,7.71178812008422e-09
7.49999999999998,1.33411540883007e-11,11.3544204150516,1.99971711405637,-0.331674827420236,-1.72195975400071e-10,-1.78477557838841e-10,1.51436613723034e-10,8.36312021266698,1.31838130366497e-05,0.00768482971842645,-1.50127760425046e-09,1.29001574929641e-08
7.54999999999998,1.91715828790927e-11,11.776797742144,1.99971787833978,-0.331232764837454,-2.16206447636623e-10,-1.61216938954332e-10,7.74686644191099e-11,8.53193239727589,1.72937873895836e-05,0.00994374050789508,-1.42224267201e-09,8.45666484353265e-08
7.59999999999998,2.08551817851711e-11,12.2076091107717,1.99971883399793,-0.330684763303811,-2.11993496652918e-10,-1.37925766868446e-10,-1.04117842759855e-11,8.70047220771723,2.08423609453049e-05,0.0119256148391354,2.35784017631038e-10,1.82361473345646e-08
7.64999999999998,1.82976752737847e-11,12.6468395159697,1.99971995460863,-0.330043963722215,-1.67373410342997e-10,-1.23675011584181e-10,-8.84152764049971e-11,8.86868541694663,2.39162662188609e-05,0.0136730539273227,8.9216986247483e-10,2.20295450114379e-08
7.69999999999998,1.2504014275243e-11,13.094471408424,1.99972122078033,-0.32931947303339,-9.67903286593583e-11,-1.19979993872829e-10,-1.3731369753217e-10,9.03652410379637,2.67007217199374e-05,0.0152897192366893,4.67252494221987e-10,7.21923574344784e-08
7.74999999999998,5.22566940809035e-12,13.5504849446904,1.99972262356013,-0.328514748476006,-1.9134987604783e-11,-1.22146732668741e-10,-1.47028375418335e-10,9.20394390187871,2.94169440351574e-05,0.0168988439165147,3.95949792813105e-10,7.05616254783057e-08
7.79999999999998,-1.55496362042612e-12,14.0148580854431,1.99972416460513,-0.327627659772222,4.48695824295296e-11,-1.29623307437893e-10,-1.18447664166669e-10,9.37090082768416,3.22583486725027e-05,0.0185995999761369,2.64308282495055e-10,4.57538581958295e-08
7.84999999999998,-6.15516545962731e-12,14.4875665433945,1.99972585349569,-0.326652003905373,7.89326181715125e-11,-1.43484370115839e-10,-6.22419265050984e-11,9.53734857334098,3.53424167151048e-05,0.0204461517419197,-1.36195911364859e-09,8.97126726497784e-08
7.89999999999998,-7.59865099609909e-12,14.9685836217627,1.99972770327171,-0.325579893921181,7.93463635769095e-11,-1.5184645286233e-10,4.75197029744376e-12,9.70323691579246,3.86888522104771e-05,0.0224551162701877,-1.16739153650066e-09,3.95359550289145e-08
7.94999999999998,-5.80408610151715e-12,15.4578800077322,1.99972972560097,-0.324404283836501,4.73495611278314e-11,-1.58582699993788e-10,6.44211751175232e-11,9.8685115189822,4.22264106266261e-05,0.0245793455148619,-1.73509178567642e-09,3.55270914419343e-08
7.99999999999998,-1.52606015489286e-12,15.9554235890292,1.99973192690581,-0.323120956518741,-5.2890337521652e-12,-1.60084072103473e-10,1.02159076580582e-10,10.0331150053317,4.58229340786588e-05,0.0267506596549423,-2.17938556295332e-09,3.91979501865348e-08
8.04999999999998,3.9139185848226e-12,16.4611793470924,1.99973430635036,-0.321729518393218,-6.29209218962738e-11,-1.55602700321379e-10,1.10308140126395e-10,10.1969888556597,4.93276339720958e-05,0.0288911682646698,-2.17393709663267e-09,3.4896296562792e-08
8.09999999999998,9.01782618911098e-12,16.9751093535048,1.99973685597897,-0.320233267743255,-1.14702746555174e-10,-1.62496911501481e-10,8.94939206810531e-11,10.360075535572,5.26127632892925e-05,0.0309183932474002,-1.36693307945156e-08,3.37791137250954e-07
8.14999999999998,1.25110611644925e-11,17.4971728659749,1.99973956268501,-0.318638118327996,-1.37658863633173e-10,-1.41751002903821e-10,4.7701553890905e-11,10.5223202637948,5.56036356163545e-05,0.032838829795001,-5.63412424559419e-09,1.29548059361037e-07
8.19999999999998,1.36479911988355e-11,18.027326494619,1.99974241124356,-0.316950964699558,-1.36545940929904e-10,-1.29599356136616e-10,-2.45948460600059e-12,10.6836720064272,5.82905685069129e-05,0.0346148737216999,-3.11995404231678e-09,7.62503235171431e-08
8.24999999999998,1.23533234903599e-11,18.5655243946892,1.99974538746382,-0.315178006598686,-1.12465563263793e-10,-1.23764122334623e-10,-4.74194078773115e-11,10.8440835367062,6.07220815032165e-05,0.0362798047365994,-3.95097561748657e-09,9.28997731989379e-08
8.29999999999998,9.17847063699901e-12,19.1117184406016,1.9997484806162,-0.313323455867678,-7.22515970202114e-11,-1.20071741843189e-10,-7.62131969144077e-11,11.0035106642219,6.29837627757367e-05,0.0378875233434434,-3.28119653013129e-09,7.62432729169477e-08
8.34999999999998,5.10171350012624e-12,19.6658583467573,1.99975168459923,-0.311388921321463,-2.77135118765093e-11,-1.19740640524694e-10,-8.30367832595444e-11,11.1619109402449,6.51703841661159e-05,0.0394898049559098,-2.25692737355465e-09,5.16136676580688e-08
8.39999999999998,1.23834847442089e-12,20.2278917188894,1.99975499771696,-0.309373544160515,8.05512688323069e-12,-1.28613806038043e-10,-6.8235354987778e-11,11.3192422422799,6.73595163294602e-05,0.0411228983540011,-1.06795740468387e-08,1.55259290987111e-07
8.44999999999999,-1.45630441016386e-12,20.7977640397668,1.9997584213194,-0.30727475479445,3.0379201202712e-11,-1.29031879876773e-10,-3.7622049242297e-11,11.4754616201327,6.95933166297771e-05,0.0428273858065215,-5.31999408988041e-09,6.98190877337544e-08
8.49999999999999,-2.41441771875118e-12,21.375418609595,1.99976195781906,-0.305089371377138,3.19732328552042e-11,-1.34492991866153e-10,-4.68354443766868e-13,11.6305246685776,7.18720907369755e-05,0.0445880204192991,-9.20995353925621e-09,9.51859369851998e-08
8.54999999999999,-1.56239833578406e-12,21.9607964705638,1.99976560868785,-0.302814720714814,1.18809222787154e-11,-1.58863763199058e-10,3.31927141895514e-11,11.7843855212003,7.41596669688641e-05,0.0463694433886828,-6.50909533616122e-08,5.2933946061336e-07
8.59999999999999,7.08489997875584e-13,22.5538363453063,1.99976937295964,-0.300449488214827,-1.37421231078368e-11,-1.48572841804607e-10,5.51949130908121e-11,11.9369973872978,7.63975368152954e-05,0.0481931362912422,-5.11106707295557e-08,3.32099889989597e-07
8.64999999999999,3.68668033413505e-12,23.1544746116271,1.99977324655832,-0.297994100352496,-4.41031688883248e-11,-1.41683507895626e-10,6.11205152933054e-11,12.0883134237523,7.85228447584574e-05,0.0499846339607277,-4.99789806876146e-08,2.51236061060558e-07
8.69999999999999,6.5518095536945e-12,23.7626453236483,1.99977722251132,-0.295450623970547,-6.9998904844399e-11,-1.39749867939863e-10,5.10533223276831e-11,12.2382876744915,8.04849936603047e-05,0.0517144045012764,-8.21334964340145e-08,3.0323222097964e-07
8.74999999999999,8.59276276403752e-12,24.3782802762816,1.99978129186874,-0.292822249973655,-8.2359428358648e-11,-1.4980110157276e-10,2.91058065595999e-11,12.3868758275278,8.22567292229469e-05,0.0533608845022383,-2.40925221854792e-07,6.05387491142525e-07
8.79999999999999,9.37629629484611e-12,25.0013090992152,1.99978544499029,-0.290112559602074,-8.54382142318887e-11,-1.17525167965792e-10,1.98986861780127e-12,12.534035618916,8.38376113142766e-05,0.0549806440214787,-2.88785975863259e-08,6.67641689750423e-08
8.84999999999999,8.82853625822256e-12,25.6316593608164,1.9997896728152,-0.287324771834478,-7.30894436367334e-11,-1.14211736476613e-10,-2.2972349982573e-11,12.6797268257007,8.52500759573721e-05,0.0565154308305329,-3.52517308246352e-08,7.29175892555767e-08
8.89999999999999,7.21759209678762e-12,26.2692566623416,1.99979396779098,-0.284461196616788,-5.07529810832491e-11,-1.15237976822714e-10,-3.97207558345019e-11,12.823910902573,8.65301963795641e-05,0.058012778683965,-7.67281386246922e-08,1.30631820383848e-07
8.94999999999999,5.05177621404949e-12,26.9140247078416,1.99979832427265,-0.281522974304366,-2.28992986633406e-11,-1.21219040137074e-10,-4.48741206997058e-11,12.9665504007932,8.77163028546138e-05,0.059495747668153,-1.90503406807373e-07,2.5263258048233e-07
8.99999999999999,2.92774073074576e-12,27.5658853432239,1.99980273836805,-0.278510153461132,-1.40647552486399e-12,-1.18148533107487e-10,-3.82976739329673e-11,13.1076083453092,8.88387051909293e-05,0.0609972332362339,-1.74138160270324e-07,1.72263097355841e-07
9.04999999999999,1.37192297356623e-12,28.2247585666201,1.99980720735077,-0.275422033799067,9.01822109446297e-12,-1.15316048029313e-10,-2.28143426579085e-11,13.24704773372,8.99129887574867e-05,0.0625171308184551,-8.98964927031045e-08,8.79704426909333e-08
9.09999999999999,7.15850428283416e-13,28.8905625192136,1.99981172885506,-0.272257660349702,1.11664625555424e-11,-1.15337108548408e-10,-3.18993454928395e-12,13.3848312684958,9.093807861802e-05,0.0640520445193633,-6.67581776297136e-08,6.53703507863099e-08
9.15,1.03309734215714e-12,29.5632134694593,1.99981630009142,-0.269016320519062,4.10998063462568e-12,-1.15565631085191e-10,1.52646143277168e-11,13.5209213602902,9.18988568770633e-05,0.0655948247333073,-6.22460683770165e-08,6.44283074332039e-08
9.2,2.14728058596316e-12,30.2426258036381,1.9998209172807,-0.265697919541729,-9.90140391875766e-12,-1.14066559096873e-10,2.80737492467141e-11,13.6552803667242,9.2771998104509e-05,0.0671324952053294,-5.37015938346258e-08,5.14410691537e-08
9.25,3.70167428408476e-12,30.9287120324304,1.9998255754201,-0.262303155455157,-2.57668533905477e-11,-1.12723425545438e-10,3.26274256413635e-11,13.7878709762263,9.35330547541337e-05,0.0686468356525496,-6.88570632173839e-08,6.45319435626828e-08
9.3,5.26658747114258e-12,31.6213828179165,1.99983026839223,-0.258833475609443,-4.06969191261915e-11,-1.09588462645938e-10,2.86403113580746e-11,13.9186566217202,9.41627970283451e-05,0.0701268649374596,-5.81904532422913e-08,5.94621087174969e-08
9.35,6.45373756685991e-12,32.3205470197079,1.9998349893399,-0.255290852176465,-4.95219948508715e-11,-1.06715740236552e-10,1.79770347502364e-11,14.0476018164153,9.46513051950911e-05,0.0715637374144224,-6.45826852645005e-08,6.61566137336565e-08
9.4,7.00837972715807e-12,33.0261117542816,1.99983973117268,-0.251677457312838,-5.12798089631026e-11,-1.03282179266849e-10,3.96692629373303e-12,14.1746723374715,9.49991100057582e-05,0.0729582900192522,-6.16362654618034e-08,5.81730240219993e-08
9.45,6.85862028441577e-12,33.7379824590362,1.99984448705836,-0.247995330771129,-4.32173255090418e-11,-1.03677512085889e-10,-9.57961394283904e-12,14.299835231033,9.52155379961168e-05,0.074311920864377,-1.32707604883625e-07,1.1528789905812e-07
9.5,6.11420022331787e-12,34.4560629524956,1.99984925077843,-0.244246125600099,-2.92315542601732e-11,-1.0669492941446e-10,-1.93614516413086e-11,14.4230586601869,9.53151092318799e-05,0.0756353871523505,-2.26987059808889e-07,2.10552172492308e-07
9.55,5.02042077891019e-12,35.1802554841374,1.99985401687961,-0.240430984245164,-1.5141561980956e-11,-1.08311185371066e-10,-2.33517816087486e-11,14.5443116537759,9.5313193024736e-05,0.0769432449178383,-2.63243753098389e-07,2.64319445700434e-07
9.6,3.88340133320499e-12,35.910460770742,1.9998587806152,-0.236550560539721,-9.12706735257625e-12,-9.84993847840593e-11,-2.11630171147291e-11,14.6635638311757,9.52221323545695e-05,0.0782546162161072,-8.68954937245546e-08,7.8273629573209e-08
9.65,2.98821703786101e-12,36.6465780198981,1.99986353772421,-0.232605161238274,7.32364467026065e-12,-1.06390712137504e-10,-1.39861946572088e-11,14.7807851744288,9.50487383040713e-05,0.0795442922992561,-3.00805255786747e-07,2.37858944308015e-07
9.7,2.53089199121144e-12,37.3885049444116,1.99986828412922,-0.228594966382394,4.58492203953533e-12,-9.93055680496517e-11,-4.08849429994491e-12,14.8959458981922,9.47935749851317e-05,0.0808448978838119,-1.40296805007161e-07,1.04663367737008e-07
9.75,2.57954185604296e-12,38.1361377731368,1.9998730156422,-0.224520247219332,1.32951702063014e-11,-1.13278960909216e-10,5.80121537379036e-12,15.0090164372932,9.44519359498046e-05,0.082116182119393,-4.409829997819e-07,3.96308396638119e-07
9.8,3.07109504243544e-12,38.8893712639394,1.99987772775161,-0.220381551471102,-3.68157843399457e-12,-9.7111277214919e-11,1.32806266364993e-11,15.1199675401069,9.40160091366519e-05,0.0834029384067011,-1.35562961687975e-07,1.00754095753512e-07
9.85,3.84058537169653e-12,39.6480987232541,1.99988241553234,-0.216179786459379,-9.30911358496797e-12,-9.82524874601343e-11,1.67525045689182e-11,15.2287704314335,9.34775012726372e-05,0.0846495417945142,-1.99878190850345e-07,1.60533664546614e-07
9.90000000000001,4.67230191387095e-12,40.4122120345136,1.99988707368315,-0.211916223201698,-1.78168445182416e-11,-9.6540513335129e-11,1.57960916351345e-11,15.335396996088,9.28299963860235e-05,0.0858703986083221,-1.82671450055112e-07,1.69890008643316e-07
9.95000000000001,5.35790810407848e-12,41.1816016952652,1.99989169666322,-0.207592403750502,-2.45474958079483e-11,-9.13384202474694e-11,1.11077914173511e-11,15.4398199355831,9.20704995636089e-05,0.0870618740049513,-1.37952268819642e-07,1.14332038817381e-07
10,5.74654033168846e-12,41.9561568606815,1.99989627887962,-0.203210002001085,-2.66699938700097e-11,-8.89854818864766e-11,4.2208274291632e-12,15.5420128629185,9.11999080628704e-05,0.0882164977974041,-1.28120547533934e-07,1.16720175692609e-07
10.05,5.77550742567543e-12,42.735765389898,1.99990081487194,-0.198770673644559,-2.47547613960621e-11,-8.57029888922652e-11,-2.95667826255981e-12,15.6419503200673,9.0222461351071e-05,0.0893404599886731,-1.18953644259387e-07,9.51928175035565e-08
10.1,5.47619667970567e-12,43.5203138913648,1.99990529944974,-0.194275931570489,-1.97140914828084e-11,-8.33373404881897e-11,-8.6494597845252e-12,15.7396077235633,8.91444696955983e-05,0.0904354369763163,-1.14287367611886e-07,8.64765422482873e-08
10.15,4.95643454748555e-12,44.3096877641176,1.99990972775733,-0.189727076698556,-1.33732618576394e-11,-8.09092523377659e-11,-1.1631788451818e-11,15.834961260401,8.79727506568513e-05,0.0915070380084536,-1.00834879716112e-07,7.00580773456386e-08
10.2,4.36615300696437e-12,45.1037712332494,1.99991409526218,-0.185125191821043,1.07273244754856e-11,-9.3062214453388e-11,-1.14765250571023e-11,15.927987765738,8.67132089585471e-05,0.0925445888092785,-5.24914586541756e-07,3.38028248070012e-07
10.25,3.85652027938847e-12,45.9024473794885,1.99991839768316,-0.180471197400554,3.81239691549316e-12,-8.72257198656797e-11,-8.53172689874738e-12,16.0186646143382,8.53698883037071e-05,0.0935818719328829,-2.44049022215361e-07,2.53418299314167e-07
10.3,3.54317815788098e-12,46.7055981642273,1.99992263088687,-0.175765937253541,1.556965244411e-11,-9.07327464862785e-11,-3.82831173900265e-12,16.1069696503673,8.39446542699897e-05,0.0945948163586855,-4.5172655994657e-07,3.42186359107412e-07
10.35,3.48204082130152e-12,47.5131044522848,1.99992679078367,-0.171010285509107,9.90107590050946e-12,-8.86542737897409e-11,1.32604834709443e-12,16.1928811678,8.24374850444832e-05,0.0955926839288632,-3.2366815129818e-07,3.3754171465677e-07
10.4,3.66216225367159e-12,48.3248460349513,1.99993087325024,-0.166205232407134,1.69924294929429e-12,-7.88977316471743e-11,5.6336824123077e-12,16.2763779399732,8.08471992045898e-05,0.09657811782665,-1.64413369042226e-07,1.74348957676831e-07
10.45,4.01552744049793e-12,49.1407016554841,1.99993487409417,-0.161351935911577,2.55394470622109e-11,-1.05188753790241e-10,8.12722194719996e-12,16.3574392851659,7.91723689960571e-05,0.0975024452941283,-8.48268664281015e-07,7.33075487559193e-07
10.5,4.43955703437053e-12,49.9605490383709,1.99993878906358,-0.156451741600393,3.61465476289493e-12,-8.67598180411357e-11,8.43525602799723e-12,16.4360451480476,7.74121648228222e-05,0.0984413726961317,-4.01751823641451e-07,4.14682279862833e-07
10.55,4.82552011250328e-12,50.7842649226106,1.99994261389267,-0.151506141150065,-1.22192895122759e-11,-6.70241384881529e-11,6.69308789434097e-12,16.5121761755416,7.55669280837835e-05,0.0993521579543112,-6.68944234182785e-08,6.09231439703815e-08
10.6,5.08534599336014e-12,51.6117250982684,1.99994634436717,-0.146516721608962,-1.40848597064335e-11,-6.36420340717029e-11,3.53335662561304e-12,16.5858137696009,7.36383800997007e-05,0.100213722411351,-5.17179172643611e-08,3.82021232135756e-08
10.65,5.17057003961141e-12,52.4428044448699,1.9999499763909,-0.141485097148403,-1.46078039726993e-11,-6.03837568246494e-11,-1.29284646832613e-13,16.6569401070903,7.16294730289438e-05,0.10104285149348,-2.48667877124797e-08,1.89459176645769e-08
10.7,5.07971468868315e-12,53.2773769699331,1.99995350603784,-0.136412843829758,-1.22519162930875e-11,-5.7994123868047e-11,-3.36496800815884e-12,16.7255381260095,6.95439776188262e-05,0.101840422221731,-2.55531309792974e-08,1.46096128859986e-08
10.75,4.85359590028481e-12,54.1153158461082,1.99995692958002,-0.131301458586344,-8.73582990858898e-12,-5.60766576776011e-11,-5.44490283758787e-12,16.7915914854119,6.73859562764834e-05,0.102608486906578,-2.82449039860355e-08,1.80756466191158e-08
10.8,4.56100258403321e-12,54.9564934459159,1.99996024348938,-0.126152345385103,-2.48758053106984e-12,-5.52220551304121e-11,-5.99693268975564e-12,16.855084511743,6.51592704496963e-05,0.103348583631991,-8.52610552047243e-08,3.91427513523361e-08
10.85,4.27923189332405e-12,55.8007813737634,1.99996344441832,-0.120966829660372,-2.03808756299608e-12,-5.19546775545495e-11,-5.04976302003301e-12,16.91600214601,6.28672369197025e-05,0.104065152709028,-2.16905324920319e-08,1.10728958265159e-08
10.9,4.07470271121078e-12,56.6480504956088,1.99996652916828,-0.115746193203602,3.40500501884682e-12,-5.14938842324487e-11,-2.99537371034514e-12,16.9743299042541,6.05124952667737e-05,0.104753399967877,-9.53887886472974e-08,3.91319174554034e-08
10.95,3.98827122740391e-12,57.4981709671559,1.99996949465687,-0.110491720711253,3.90527504344851e-12,-5.0750571424622e-11,-4.38797016681888e-13,17.0300538591492,5.80970821804965e-05,0.105415331108636,-9.14838153695914e-08,6.63182757839767e-08
11,4.02824391945332e-12,58.3510122617089,1.99997233789298,-0.10520474320067,3.60761983139057e-12,-4.86773633435805e-11,1.95492781255709e-12,17.083160644608,5.56226558963635e-05,0.106051696352922,-9.50742382174939e-08,6.54300043964079e-08
11.05,4.1719099692115e-12,59.2064431987647,1.99997505596506,-0.0998866694916573,2.43692001728036e-12,-4.64929193204544e-11,3.63306990687466e-12,17.1336374796133,5.30907921449894e-05,0.106658955561737,-9.98434386865622e-08,6.50300306188953e-08
11.1,4.37429703202693e-12,60.0643319741177,1.99997764604419,-0.0945389992446342,2.21896508113189e-11,-5.50383956700488e-11,4.26249808678563e-12,17.181472203399,5.05032610124444e-05,0.107224710748847,-5.82951083163573e-07,2.80517994942249e-07
11.15,4.58127075103182e-12,60.9245461918084,1.99998010539903,-0.0891633193013292,8.92395111786659e-13,-4.20551296176004e-11,3.83229717989911e-12,17.2266533123612,4.7862218001408e-05,0.107779134149411,-1.39563316117335e-07,6.87060918922634e-08
11.2,4.74339515424406e-12,61.7869528977701,1.99998243141746,-0.0837612758307368,1.73530183398438e-11,-4.74143218651855e-11,2.52454730798388e-12,17.2691699898089,4.51702770316353e-05,0.108281917908817,-5.26462839402002e-07,2.24736398376035e-07
11.25,4.82715871139801e-12,62.6514186146492,1.99998462162873,-0.0783345505237586,-2.30331586712914e-12,-3.53293272281564e-11,7.74878607738126e-13,17.3090121223818,4.24304650643806e-05,0.108768471730255,-8.96536570980993e-08,3.07575134653726e-08
11.3,4.82120996111634e-12,63.5178093770552,1.99998667372121,-0.0728848216970091,-1.39877796902884e-12,-3.31680041674604e-11,-9.77939870152974e-13,17.3461703008402,3.96460917676475e-05,0.109211640951155,-9.15079263530084e-08,3.57544983763936e-08
11.35,4.73664848255628e-12,64.3859907664874,1.99998858555231,-0.067413744102565,2.54141852245345e-13,-3.0712661913245e-11,-2.31052027123391e-12,17.3806358068503,3.68205807487961e-05,0.109622429384768,-9.40240896291483e-08,3.38037542924424e-08
11.4,4.60196886688943e-12,65.2558279453439,1.99999035515014,-0.0619229329090232,2.19005023446907e-12,-2.82931686181875e-11,-2.95314626901559e-12,17.4124005905021,3.39573151350454e-05,0.110001352636516,-9.54732894080532e-08,3.13610101002787e-08
11.45,4.45443334443833e-12,66.1271856897059,1.99999198070862,-0.056413964059004,4.07608740795124e-12,-2.59203200247188e-11,-2.8286044769729e-12,17.4414572449184,3.10595308789354e-05,0.110349086573799,-9.74196500883704e-08,2.8959456513376e-08
11.5,4.33030984959121e-12,66.9999284209143,1.99999346057886,-0.0508883857793089,5.51311092765466e-12,-2.35512289763537e-11,-2.04935802455482e-12,17.4677989842594,2.81302793584155e-05,0.110666027324651,-9.87770412032074e-08,2.62870454236214e-08
11.55,4.25640929644175e-12,67.8739202362353,1.99999479326041,-0.0453477376102205,6.31790126512338e-12,-2.11654209018543e-11,-8.7036111529187e-13,17.4914196299115,2.51724563664668e-05,0.110952123583395,-1.00305070561339e-07,2.35701301520084e-08
11.6,4.2447807833299e-12,68.7490249390937,1.99999597739516,-0.0397935714510948,6.4146143339423e-12,-1.87291616195699e-11,3.86782163428366e-13,17.5123136071868,2.21888735880185e-05,0.111206939349335,-1.01436663827552e-07,2.0677999642879e-08
11.65,4.29147230206404e-12,69.6251060694016,1.99999701176535,-0.0342274692201091,5.93434516591768e-12,-1.62306076317612e-11,1.41698817663703e-12,17.5304759521281,1.91823487704489e-05,0.111429736485666,-1.02584781281544e-07,1.77150252656933e-08
11.7,4.37920393193039e-12,70.5020269344269,1.99999789529595,-0.0286510531898188,5.09164098793964e-12,-1.36641538448158e-11,2.0019207357934e-12,17.5459023256991,1.61557832647351e-05,0.111619666934858,-1.03424500818829e-07,1.46393890261564e-08
11.75,4.48289361887777e-12,71.3796506404712,1.99999862706009,-0.0230659871616936,4.17812846819842e-12,-1.10424349603059e-11,2.05198929621388e-12,17.5585890312162,1.31122069962417e-05,0.111775946258081,-1.04202146261017e-07,1.15078387323026e-08
11.8,4.57641906158829e-12,72.2578401254068,1.99999920628581,-0.0174739690202077,3.44380076318362e-12,-8.38401181252248e-12,1.61341863736099e-12,17.5685330305843,1.00547834732659e-05,0.111898014140118,-1.04720508671622e-07,8.30676924577594e-09
11.85,4.63888563535014e-12,73.1364581919167,1.99999963236206,-0.0118767171518874,3.0752363760589e-12,-5.71428035037055e-12,8.42489959766752e-13,17.5757319556786,6.98677873276652e-06,0.111985618472326,-1.05135696401199e-07,5.0648571802621e-09
11.9,4.65897719320959e-12,74.0153675411342,1.99999990484259,-0.00627595435333156,3.13811435446744e-12,-3.0563387572255e-12,-4.33017511168663e-14,17.580184112747,3.91150814378537e-06,0.112038828347341,-1.05442955314673e-07,1.79459993707872e-09
11.95,4.63657503575824e-12,74.8944308063191,2.00000002344695,-0.000673393079391986,3.57133832668406e-12,-4.27251500868658e-13,-8.23157600548543e-13,17.5818884795803,8.32280198557275e-07,0.11205797156888,-1.05419287022826e-07,-1.48797841958544e-09
12,4.58156365997133e-12,75.7735105862389,1.99999998805899,0.00492927489261473,8.25642098826239e-12,2.28395595519298e-12,-1.32715914428217e-12,17.5808446969145,-2.24764758148089e-06,0.112043647165584,-1.91237456738033e-07,-7.18334939489062e-09
12.05,4.51041293556758e-12,76.6524694780299,1.99999979872367,0.0105303826593338,1.58801902878544e-11,5.57876768696868e-12,-1.46710894189708e-12,17.5770530567088,-5.32508897257162e-06,0.11199686013157,-3.39027208036198e-07,-2.53912557115158e-08
12.1,4.4415854563411e-12,77.531170109458,1.99999945564354,0.0161282863048128,1.19254783302089e-11,7.9653725846054e-12,-1.24423595261685e-12,17.5705144903882,-8.39692452655865e-06,0.111916483316905,-2.41715668732604e-07,-2.57385692948054e-08
12.15,4.39097955833472e-12,78.4094751706504,1.99999895917597,0.021721357840323,6.49789262542341e-12,9.67708925591633e-12,-7.54214337075596e-13,17.5612305598083,-1.14600753382192e-05,0.111802938919763,-1.18518384495707e-07,-1.24480492351879e-08
12.2,4.36847379178661e-12,79.2872474454832,1.99999830983192,0.0273079758759431,5.22220801373554e-12,1.2189708286724e-11,-1.43317890134615e-13,17.5492034527586,-1.45114704834011e-05,0.111657840260399,-9.19509834363846e-08,-1.56946134263685e-08
12.25,4.37626599062454e-12,80.1643498428731,1.99999750827639,0.0328865166487171,5.74142787575112e-12,1.48853109860721e-11,4.3276525616457e-13,17.5344359835652,-1.75480162609672e-05,0.111480340473274,-1.11085981284011e-07,-2.22194193122347e-08
12.3,4.40919974372529e-12,81.0406454282133,1.99999655533,0.0384553472860722,4.35173040038824e-12,1.72658494200994e-11,8.44152701834281e-13,17.5169315980951,-2.05665788984762e-05,0.111269723242049,-9.44568034741527e-08,-2.19805966009619e-08
12.35,4.45678268621402e-12,81.9159974551374,1.99999545197105,0.0440128231892907,4.09670752312797e-12,1.99474160831233e-11,1.01117480476229e-12,17.4966943815117,-2.35639878450856e-05,0.111026398102097,-1.04971670499303e-07,-2.75408007856039e-08
12.4,4.50623556897426e-12,82.7902693976961,1.99999419933692,0.0495572900049592,2.89952843822983e-12,2.23824480918688e-11,9.22361308635165e-13,17.4737290666599,-2.65370550181919e-05,0.110749656408357,-9.4788847588513e-08,-2.79281816223245e-08
12.45,4.5457428040891e-12,83.6633249829243,1.99999279872417,0.0550870890931809,2.51790182344463e-12,2.50124500634125e-11,6.25957563009339e-13,17.4480410410353,-2.94826067242613e-05,0.11043995545512,-9.96101780508278e-08,-3.23476803182924e-08
12.5,4.56711781569778e-12,84.5350282236903,1.99999125158698,0.060600565428104,1.81819773146902e-12,2.7456227273078e-11,2.14737875528729e-13,17.4196363508449,-3.23975171179922e-05,0.110097068376643,-9.33946006453601e-08,-3.33003582902091e-08
12.55,4.56732208440425e-12,85.4052434516581,1.99998955953404,0.0660960756639468,1.65538996815944e-12,2.99916007576995e-11,-2.02700904366769e-13,17.3885217015055,-3.52787355179167e-05,0.109721602315796,-9.46641946455083e-08,-3.66426099732149e-08
12.6,4.54860714195723e-12,86.2738353501901,1.9999877243244,0.0715719949467133,1.40058972106342e-12,3.23934772401891e-11,-5.27765749740077e-13,17.3547044548289,-3.81232985863456e-05,0.109313751391481,-9.06432250352878e-08,-3.79340810734253e-08
12.65,4.5173993040577e-12,87.140668987045,1.99998574786314,0.0770267202785711,3.02455960607901e-11,4.79228934630162e-11,-7.08637251723609e-13,17.3181926238955,-4.09283265682531e-05,0.108887384481062,-7.30067812615001e-07,-3.0423647706211e-07
12.7,4.48232379548935e-12,88.0056098467925,1.99998363219757,0.0824586747597175,4.48906550989752e-12,3.83463660792889e-11,-6.84232309641812e-13,17.2789948670607,-4.36910066933836e-05,0.108404367077467,-1.59535773475382e-07,-6.58557150526262e-08
12.75,4.45193978584376e-12,88.868523862937,1.99998137951447,0.0878662991168115,4.36711960550385e-12,4.23414464976759e-11,-5.15995660031607e-13,17.2371204825749,-4.64085675413508e-05,0.107904494904583,-1.63146549793115e-07,-1.03755283151062e-07
12.8,4.43273162553786e-12,89.7292774498132,1.99997899213873,0.0932480545703463,3.74828720199731e-12,4.4443566466482e-11,-2.48672730407209e-13,17.1925794050237,-4.90782538444044e-05,0.107371754133938,-1.56219408722265e-07,-1.01675570510342e-07
12.85,4.42781820112262e-12,90.5877375343649,1.99997647253289,0.0986024146014136,2.55137300286988e-12,4.6394133020711e-11,4.35480278383098e-14,17.1453822042124,-5.16973121073582e-05,0.106808376858348,-1.40354152191498e-07,-9.63269021767967e-08
12.9,4.43659317267311e-12,91.4437715879305,1.99997382329728,0.10392786227573,-2.21261700193111e-12,4.54063522454442e-11,2.90461112788992e-13,17.0955400864904,-5.42629853369648e-05,0.106211384180546,-4.47593511524722e-08,-2.94318676578507e-08
12.95,4.45528125064095e-12,92.2972476581424,1.99997104716992,0.109222887278233,-3.44480186308981e-12,4.71153958218667e-11,4.35842571545478e-13,17.0430648979307,-5.67725254504742e-05,0.105587268082843,-3.25529789076915e-08,-1.88679349641793e-08
13,4.4781763299815e-12,93.1480344010142,1.9999681470256,0.114485986697723,-3.52515392062833e-12,5.00480527924889e-11,4.57430714219352e-13,16.987969128401,-5.92232155789509e-05,0.104934707679907,-4.86808487542428e-08,-3.51076412820782e-08
13.0500000000001,4.49919619697703e-12,93.9960011132306,1.99996512587354,0.119715665639709,1.93995177500204e-11,7.18027258927495e-11,3.5226637475681e-13,16.9302659154454,-6.16123980719602e-05,0.104271693553139,-6.05460555929082e-07,-4.31576260590456e-07
13.1000000000001,4.51334863938662e-12,94.8410177646061,1.99996198685386,0.124910445550128,-3.84906918651953e-12,5.47917199470248e-11,1.89612875098688e-13,16.8699690470603,-6.39375001674699e-05,0.103539180656535,-7.2395955431635e-08,-4.40319074430197e-08
13.1500000000001,4.51778464720649e-12,95.6829550306436,1.99995873323274,0.130068858323275,-3.68388633043019e-13,5.93394293609406e-11,-1.81749520505564e-14,16.8070929627892,-6.61960530429734e-05,0.102799594032538,-1.65823098296135e-07,-9.1480054751696e-08
13.2000000000001,4.51221997698918e-12,96.5216843251003,1.9999553683971,0.135189460387302,-7.3489712481812e-13,6.38643684754456e-11,-2.04649071243994e-13,16.7416527530466,-6.83856967858529e-05,0.102031993741353,-1.75684631257455e-07,-1.43527487218904e-07
13.2500000000001,4.49871414388153e-12,97.3570778324842,1.99995189584922,0.140270830349233,-2.00676721277029e-12,6.51549256349115e-11,-3.30200900564837e-13,16.6736641569813,-7.05041739698582e-05,0.101232419813825,-1.55948112037217e-07,-1.2762383458953e-07
13.3000000000001,4.48091983549892e-12,98.1890085404182,1.99994831920205,0.145311570566823,-2.03972702034854e-12,6.64222717475433e-11,-3.7406171047031e-13,16.6031435595289,-7.2549312901673e-05,0.100405386185399,-1.62404978452628e-07,-1.13588663145654e-07
13.3500000000001,4.46304306023778e-12,99.0173502718537,1.99994464217539,0.15031030673934,4.12516151481576e-12,7.96578609171529e-11,-3.3925049400238e-13,16.5301079884209,-7.45190060126731e-05,0.0995634448302292,-3.40860121742902e-07,-3.41364610415621e-07
13.4000000000001,4.44879033274058e-12,99.8419777171478,1.99994086859328,0.155265688271742,1.4652238501815e-11,8.59072537582329e-11,-2.42948708579776e-13,16.4545751118562,-7.64111900643698e-05,0.0986864326295356,-5.93331502924404e-07,-4.21313410110644e-07
13.4500000000001,4.44055234023861e-12,100.662766466051,1.99993700238208,0.160176383937031,-8.11948677648683e-12,6.91350509139203e-11,-9.84074934917003e-14,16.3765632373024,-7.82238335933365e-05,0.0977610680649218,-5.64176168700807e-08,-5.03170117079211e-08
13.5000000000001,4.43899340299937e-12,101.479593039669,1.99993304756899,0.165041077035126,-6.94326607023466e-12,7.3798865534799e-11,2.89617310149244e-14,16.2960913115773,-7.99549346276203e-05,0.0968310529515739,-1.06100248681048e-07,-1.07398551507708e-07
13.5500000000001,4.44308865853319e-12,102.292334922455,1.99992900828042,0.169858468028152,2.05657245089503e-11,1.12311330448715e-10,1.06388674464265e-13,16.2131789220442,-8.16025294215297e-05,0.0959103340001694,-8.44912969967558e-07,-8.47508335395552e-07
13.6000000000001,4.45055700711477e-12,103.100870594282,1.99992488873969,0.17462727857081,-8.59202279929821e-12,7.79898208040994e-11,1.62016347443996e-13,16.1278462984955,-8.31647089254333e-05,0.0948884198224888,-1.05859942600896e-07,-1.18050727822958e-07
13.6500000000001,4.45854825487896e-12,103.905079562616,1.99992069326371,0.179346234190122,-7.89319027743946e-12,8.19500243670508e-11,1.42996397050241e-13,16.0401143151645,-8.4639641169688e-05,0.0938810234399062,-1.46117781394025e-07,-1.61141440084505e-07
13.7000000000001,4.46437391585431e-12,104.704842394781,1.99991642625872,0.184014084706775,-7.15555731979246e-12,8.56325936344271e-11,7.63369050806747e-14,15.9500044923711,-8.60255886049912e-05,0.0928483558364561,-1.86111590308265e-07,-1.98143496856379e-07
13.7500000000001,4.46612660087949e-12,105.500040750291,1.99991209221514,0.188629596200348,-8.29591049558914e-12,8.66450234983632e-11,-1.66334557143035e-14,15.8575389973923,-8.7320922522908e-05,0.0917883877797264,-1.74719945353109e-07,-1.81439806110336e-07
13.8000000000001,4.46304080579067e-12,106.290557413195,1.99990769570203,0.193191554652116,-1.3699330563439e-11,8.17036907047787e-11,-1.10091768221332e-13,15.7627406444199,-8.85241262525935e-05,0.0906981119274774,-4.6458359617482e-08,-4.5012913723318e-08
13.8500000000001,4.45554442035086e-12,107.076276324412,1.99990324136156,0.197698766323641,-1.42396531982496e-11,8.29546002966571e-11,-1.87023298127948e-13,15.6656328936888,-8.96337904565061e-05,0.0895908819930229,-4.66515961214445e-08,-3.54733148116345e-08
13.9000000000001,4.44502223020229e-12,107.857082613992,1.99989873390394,0.20215006001911,-1.47391371697231e-11,8.52250608853813e-11,-2.29474284037761e-13,15.5662398500532,-9.06486000918137e-05,0.088461723011596,-5.18098502081138e-08,-4.83957923167417e-08
13.9500000000001,4.43338224617078e-12,108.632862633311,1.9998941781031,0.206544285667412,-1.54017501203606e-11,8.6887769755786e-11,-2.31800397667031e-13,15.4645862613977,-9.15673187524719e-05,0.0873090169362404,-5.10989200348552e-08,-4.86615678459215e-08
14.0000000000001,4.42254830109451e-12,109.403503987185,1.99988957879317,0.210880313343894,-1.64784607038465e-11,8.78192456735673e-11,-1.98458886663169e-13,15.3606975172718,-9.2388773066462e-05,0.086133053659579,-3.88034596503793e-08,-3.39731151623226e-08
14.0500000000001,4.41400813699921e-12,110.16889556593,1.99988494086555,0.215157031435462,-1.31289404684686e-11,9.56162515685746e-11,-1.44807491713545e-13,15.2545996480417,-9.31118440166976e-05,0.084942471053784,-1.53564432326603e-07,-1.59418822806675e-07
14.1000000000001,4.40851656399454e-12,110.928927577398,1.99988026926633,0.219373346352905,-1.01545390396765e-11,1.00927936747948e-10,-8.39542003340431e-14,15.146319324697,-9.37354631242379e-05,0.0837275770142503,-2.50615704809515e-07,-2.35114939145336e-07
14.1500000000001,4.40600744056338e-12,111.683491579009,1.99987556899368,0.223528179252367,-5.55578487535826e-12,1.1196403408557e-10,-3.35566605522604e-14,15.0358838592751,-9.42586181037259e-05,0.0824972460546278,-4.11206318430017e-07,-4.25960299862843e-07
14.2000000000001,4.40570967582461e-12,112.432480509832,1.99987084509473,0.227620466657635,8.86886653557553e-12,1.26048686478845e-10,-9.01050472610371e-15,14.9233212057181,-9.46803641867175e-05,0.0812472951770228,-7.99167898236677e-07,-6.66518185869567e-07
14.2500000000001,4.40641555101931e-12,113.175788722702,1.99986610266189,0.231649160806522,-1.29433030296301e-11,1.06856996909415e-10,9.86481884516469e-15,14.808659960886,-9.49998369013541e-05,0.0799448443031526,-2.48832149294012e-07,-2.6100081953636e-07
14.3000000000001,4.40682658248225e-12,113.913312016386,1.9998613468285,0.235613223911005,-1.29610378134257e-11,1.09505508930686e-10,-8.47465978616081e-15,14.6919293654437,-9.52162661425965e-05,0.0786431700032316,-2.71483265294701e-07,-2.83847302457342e-07
14.3500000000001,4.40587295131915e-12,114.644947667795,1.99985658276387,0.239511637159801,-1.98986019497171e-11,1.00889584717872e-10,-3.96063015032617e-14,14.573159304402,-9.53289837252374e-05,0.0773094496351646,-8.82466720179647e-08,-8.11744319520391e-08
14.4000000000001,4.402949646305e-12,115.370594464199,1.99985181566811,0.24334339391242,-1.91045295357884e-11,1.03669848277312e-10,-8.22093742448591e-14,14.4523803071934,-9.53374258954419e-05,0.0759675943912283,-1.27713633844094e-07,-1.06609993713641e-07
14.4500000000001,4.3980106955655e-12,116.090152735446,1.99984705076696,0.247107504386186,-1.80568345470097e-11,1.09264358690483e-10,-1.20664845425372e-13,14.329623547304,-9.52411306088447e-05,0.074609345303223,-1.87288006139247e-07,-1.90792078362298e-07
14.5000000000001,4.39152286155914e-12,116.803524386142,1.99984229330689,0.250802994145379,-2.27036498239214e-11,1.04555252054408e-10,-1.41707465158432e-13,14.2049208415833,-9.50397280950799e-05,0.0732209514734307,-7.02266548658923e-08,-6.89453300225008e-08
14.5500000000001,4.3843036187936e-12,117.510612927807,1.99983754855078,0.25442890169466,-2.31607605949401e-11,1.05936728215688e-10,-1.47043202025122e-13,14.0783046494242,-9.47329304690833e-05,0.0718196900668546,-7.4934540201921e-08,-6.81380757377023e-08
14.6000000000001,4.37729438347698e-12,118.211323510975,1.99983282177405,0.257984280242634,-2.43703490818801e-11,1.06775955934176e-10,-1.33463790466863e-13,13.9498080720245,-9.43205225819263e-05,0.070399211937951,-6.0683547917721e-08,-5.78684475485201e-08
14.6500000000001,4.37133273974373e-12,118.905562957274,1.99982811826124,0.261468194857865,-2.46527996156057e-11,1.08721794841187e-10,-1.06058820406573e-13,13.8194648518898,-9.38023534817744e-05,0.0689612507368524,-7.26525032287264e-08,-6.9523148320877e-08
14.7000000000001,4.36697555051761e-12,119.593239791489,1.99982344330287,0.26487972170565,-2.57021412137179e-11,1.09965094220919e-10,-7.06403869741314e-14,13.6873093726713,-9.31783363150286e-05,0.0675043246515173,-6.46626615111965e-08,-6.83416193519593e-08
14.7500000000001,4.36441012240494e-12,120.274264273616,1.99981880219212,0.268217946535154,-2.66666439115023e-11,1.1074914210542e-10,-3.52569370305407e-14,13.5533766593273,-9.24484510330223e-05,0.0660285821022893,-5.61789938799499e-08,-5.72009593104658e-08
14.8000000000001,4.36346348868863e-12,120.948548430941,1.9998142002214,0.271481963627046,-2.70856714088451e-11,1.12541470152299e-10,-6.81237087066145e-15,13.4177023785255,-9.16127504841672e-05,0.0645359108035692,-6.53591057001585e-08,-6.66540301519775e-08
14.8500000000001,4.36369640890811e-12,121.616006090136,1.99980964267847,0.274670875242437,-2.75853741449057e-11,1.14146846383913e-10,1.11719224920136e-14,13.28032283915,-9.06713692557509e-05,0.0630251623825382,-7.18782708516903e-08,-7.25090268086207e-08
14.9000000000001,4.36454979466001e-12,122.276552909382,1.99980513484213,0.277783790655106,-2.65686284536566e-11,1.19805060351309e-10,1.66007556662963e-14,13.1412749927585,-8.96245320904275e-05,0.0615008124334189,-1.34812416325189e-07,-1.58488434583764e-07
14.9500000000001,4.36550271585303e-12,122.930106410513,1.9998006819776,0.280819825564115,-2.14939677530214e-11,1.430824649911e-10,8.68050518628846e-15,13.0005964338724,-8.84725584680992e-05,0.0599769267349513,-3.90266278264329e-07,-5.92631674133362e-07
15.0000000000001,4.36620215953291e-12,123.576586011163,1.99979628933171,0.283778106107863,-3.04030370683789e-11,1.22292889297903e-10,8.47764814152321e-15,12.8583254000403,-8.72158635161982e-05,0.0583906555378329,-8.27934216203062e-08,-1.58131828803053e-07
15.0500000000001,4.36654130489437e-12,124.215913056918,1.99979196212815,0.286657758228179,-3.22382273654813e-11,1.19336342432172e-10,3.04397936877631e-15,12.7145007716608,-8.58549575255908e-05,0.0568050846457506,-3.25411717759747e-08,-7.4623274366938e-08
15.1000000000001,4.36666611148445e-12,124.848010853445,1.99978770556288,0.289457917272638,-3.30611923203545e-11,1.20432265166466e-10,1.79888144593249e-15,12.5691620716479,-8.43904390216819e-05,0.0552063813320718,-2.81758229764351e-08,-7.10199277408456e-08
15.1500000000001,4.36692495215609e-12,125.472804698616,1.99978352479981,0.292177722523786,-3.35382937323884e-11,1.27245936851399e-10,8.02181357787813e-15,12.4223494650184,-8.28229895243422e-05,0.0535963654629347,-6.65448535004002e-08,-1.80194401612027e-07
15.2000000000001,4.36777520017814e-12,126.090221914593,1.99977942496685,0.294816317629171,-3.50664615251069e-11,1.28354925317357e-10,2.50404991302282e-14,12.2741037585179,-8.11533674906229e-05,0.051963627049033,-4.72098128615631e-08,-1.78518404401162e-07
15.2500000000001,4.36967577541243e-12,126.700191879917,1.99977541115211,0.29737284726482,-3.77263751433526e-11,1.42522665935064e-10,4.92928468651289e-14,12.1244664003668,-7.93824057762855e-05,0.0503269058316281,-8.6107037297917e-08,-4.31986799953148e-07
15.3000000000001,4.37299163710404e-12,127.302646061573,1.99977148840024,0.299846460146563,-3.79822945427931e-11,1.35239127554169e-10,8.12634407605926e-14,11.9734794801787,-7.75110093096574e-05,0.0486513065493415,-4.12463039970053e-08,-2.64126661798076e-07
15.3500000000001,4.37793275509381e-12,127.897518047063,1.99976766170877,0.302236302053012,-3.84004256621088e-11,1.33104036485756e-10,1.15054272285339e-13,11.8211857290386,-7.5540160291468e-05,0.0469639141561149,-2.51253924336327e-08,-1.97653451134265e-07
15.4000000000001,4.38453662613303e-12,128.484743576483,1.99976393602411,0.304541519281976,-3.94600381675385e-11,1.35316229624384e-10,1.47676552343799e-13,11.6676285197062,-7.34709207428389e-05,0.0452638924443372,-2.30503380803811e-08,-2.16733200141338e-07
15.4500000000001,4.39269436420819e-12,129.064260574618,1.99976031623748,0.306761256194831,-4.18776633479068e-11,1.43747940856534e-10,1.76760637220959e-13,11.5128518668699,-7.13044383692852e-05,0.0435531694466152,-3.24191640944881e-08,-3.58397360775096e-07
15.5000000000001,4.40220867524975e-12,129.636009183036,1.99975680718041,0.30889465590259,-4.01872043592736e-11,1.33912391405402e-10,2.02160966339225e-13,11.3569004273755,-6.90419518192278e-05,0.0418065008709101,-1.05505252804335e-08,-1.40803683795386e-07
15.5500000000001,4.41286636902427e-12,130.199931792207,1.99975341362021,0.310940855605843,-3.99916702354356e-11,1.31458386096023e-10,2.23280859003335e-13,11.1998195003686,-6.66847940462126e-05,0.0400500135625706,-4.22556173257369e-09,-6.74828126651309e-08
15.6000000000001,4.42450634173036e-12,130.755973073616,1.99975014025511,0.312898989924427,-4.08504688678587e-11,1.33499438335465e-10,2.41923461612992e-13,11.0416550273229,-6.42343934090104e-05,0.0382808500231205,-4.62174906702409e-09,-8.28716487137965e-08
15.6500000000001,4.43706775399049e-12,131.304080011877,1.9997469917096,0.314768188825983,-4.15133278839365e-11,1.34807028718771e-10,2.60548987082835e-13,10.882453591954,-6.16922724149814e-05,0.0364934443885123,-4.13186048673246e-09,-8.35443182641717e-08
15.7000000000001,4.45060899620704e-12,131.844201936846,1.99974397252967,0.316547576259201,-4.26192820779498e-11,1.37855329158628e-10,2.81467248577776e-13,10.7222624200505,-5.90600466044657e-05,0.0346901420650466,-5.59290210058072e-09,-1.17557900918019e-07
15.7500000000001,4.46529657905259e-12,132.376290555712,1.99974108717834,0.318236270073796,-4.23320513787766e-11,1.35736724655919e-10,3.06693875443448e-13,10.5611293792808,-5.63394201829016e-05,0.0328639218174887,-1.93040534987205e-09,-5.0787918201767e-08
15.8000000000001,4.48136951205703e-12,132.900299985093,1.99973834003114,0.319833379655001,-4.34916394762423e-11,1.39003504418114e-10,3.37011118158822e-13,10.3991029790132,-5.35321870948613e-05,0.0310252596516538,-3.36974429800951e-09,-8.89422089918297e-08
15.8500000000001,4.49909124124878e-12,133.416186783114,1.99973573537179,0.321338006703878,-4.35291352432138e-11,1.3825686833687e-10,3.72572321623518e-13,10.2362323702067,-5.06402272641985e-05,0.0291644736834786,-1.4730973158156e-09,-4.86635132281651e-08
15.9000000000001,4.51870118390718e-12,133.92390998149,1.99973327738777,0.322749242225929,-4.47397676368234e-11,1.41661796970636e-10,4.12346433379825e-13,10.072567345385,-4.7665509584164e-05,0.0272897002715341,-2.58193185732741e-09,-8.97739057022009e-08
15.9500000000001,4.54037775889043e-12,134.423431117598,1.99973097016583,0.32406616707159,-4.54665013740764e-11,1.4339209917358e-10,4.54947559555914e-13,9.90815833868796,-4.461009535435e-05,0.0253946127323892,-2.54202614839206e-09,-9.72148706563356e-08
16.0000000000001,4.56422038644504e-12,134.914714266568,1.9997288176873,0.325287849871226,-4.57562677311847e-11,1.4368612692358e-10,4.98746231726541e-13,9.74305642598071,-4.14761404089047e-05,0.0234791449846835,-1.84138999779331e-09,-7.52348205213241e-08
16.0500000000001,4.5902526420522e-12,135.397726073368,1.99972682382328,0.326413346339598,-4.57922484712549e-11,1.43164523988469e-10,5.4237992304241e-13,9.57731332498573,-3.82658996888619e-05,0.0215439152654192,-7.11913260963953e-10,-3.76955793917235e-08
16.1000000000001,4.61844293882637e-12,135.8724357849,1.99972499232949,0.327441698243478,-4.6973672140269e-11,1.46485177036708e-10,5.84999674333086e-13,9.4109813953981,-3.49817334071562e-05,0.0195934105264494,-1.40192636245122e-09,-7.57188964862989e-08
16.1500000000001,4.64873655150654e-12,136.338815282103,1.99972332684101,0.328371933263453,-4.75739606742844e-11,1.47920211988851e-10,6.265412101161e-13,9.24411363895517,-3.16261067807972e-05,0.0176212398662381,-1.2592958212953e-09,-7.56702931768572e-08
16.2000000000001,4.68108945677734e-12,136.796839112055,1.99972183086697,0.329203063236627,-4.80376110478843e-11,1.48962560466053e-10,6.67511986243825e-13,9.07676369945155,-2.8201594377319e-05,0.0156286537425135,-1.0273448143923e-09,-6.70210047747428e-08
16.2500000000001,4.71549618368834e-12,137.246484520071,1.999720507785,0.329934083815779,-4.7836530443098e-11,1.47923142206769e-10,7.08898551571665e-13,8.90898586269897,-2.4710880102387e-05,0.0136135575833624,-1.75783718879033e-10,-1.65365884696474e-08
16.3000000000001,4.75200542024231e-12,137.68773148181,1.99971936083583,0.330563973083632,-4.83826713626088e-11,1.49341328694153e-10,7.51816369840943e-13,8.74083505645797,-2.11567576510268e-05,0.0115804772094593,-1.34932110553758e-10,-1.45470333721864e-08
16.3500000000001,4.79072107160105e-12,138.120562735363,1.99971839311767,0.331091691296383,-4.89639327904423e-11,1.50916752761388e-10,7.9730355507593e-13,8.5723668503527,-1.75421327617741e-05,0.00952655173789284,-1.2993295197737e-10,-1.51460134496365e-08
16.4000000000001,4.83179025074553e-12,138.544963813348,1.99971760758073,0.331516179434189,-4.94401726955904e-11,1.52205021824336e-10,8.46033503639772e-13,8.40363745580735,-1.38700211303451e-05,0.00745090802053019,-5.45354107762313e-11,-9.4582844557172e-09
16.4500000000001,4.87538222973759e-12,138.960923075,1.99971700702154,0.331836358192181,-5.02752423208889e-11,1.54660396598106e-10,8.98209477069371e-13,8.23470372601362,-1.01435544389503e-05,0.00535473949250827,-1.86263846832211e-10,-2.67008640382787e-08
16.5000000000001,4.92166478102917e-12,139.368431738256,1.99971659407716,0.332051127338994,-5.0485569660236e-11,1.55208587354685e-10,9.53579223240739e-13,8.06562315594438,-6.36597943887613e-06,0.00323413521989139,-1.41845635827237e-11,-4.50737091715508e-09
16.5500000000001,4.97078327460286e-12,139.767483911847,1.99971637121933,0.332159364150398,-5.10279505838764e-11,1.56836045698799e-10,1.01152747683608e-12,7.89645388240592,-2.54066459555339e-06,0.00109203396678014,-1.21829689134675e-11,-3.51598276379648e-09
16.6000000000001,5.02284757548146e-12,140.158076627393,1.9997163407482,0.332159923061162,-5.15486891712489e-11,1.58440398258548e-10,1.07128113719657e-12,7.72725468411171,1.32889594683138e-06,-0.00107325225456651,-2.92046196945872e-12,-1.55696315320583e-09
16.6500000000001,5.07792910536497e-12,140.5402098715,1.99971650478606,0.332051634440748,-5.22113185877841e-11,1.60531433220019e-10,1.13210523414434e-12,7.55808498176837,5.23907986918915e-06,-0.00326161530529928,-4.52900538525753e-11,-9.08547120903914e-09
16.7000000000001,5.13606718644709e-12,140.913886617859,1.9997168652707,0.331833303917616,-5.28070925203441e-11,1.6246651513819e-10,1.19348124857453e-12,7.38900483815059,9.18612997715363e-06,-0.00547433430475139,-6.64631664840891e-11,-1.27294985121062e-08
16.7500000000001,5.19728281414189e-12,141.279112859353,1.99971742394866,0.33150371141921,-5.3486373359906e-11,1.64721613039929e-10,1.2551985549702e-12,7.22007495816369,1.31661514202188e-05,-0.00771141738198799,-1.5654551245711e-10,-2.19481467578015e-08
16.8000000000001,5.26159486925971e-12,141.635897640164,1.99971818236817,0.331061610514918,-5.40213194530986e-11,1.66587034479946e-10,1.31738282880581e-12,7.05135668887352,1.71751077610227e-05,-0.00997419472187552,-1.8442115960484e-10,-2.23972604450693e-08
16.8500000000001,5.32903550871622e-12,141.984253087883,1.99971914187209,0.330505727422355,-5.48939561062128e-11,1.69596061613718e-10,1.38041512065319e-12,6.88291201952472,2.12088183945842e-05,-0.0122615551635043,-5.36901884450348e-10,-4.46758713672003e-08
16.9000000000001,5.39966018794157e-12,142.324194445616,1.9997203035905,0.329834760610867,-5.51652605115307e-11,1.70759943197914e-10,1.44483277391626e-12,6.71480358154145,2.52629534332579e-05,-0.0145772847925695,-3.90815675789122e-10,-2.92585108212608e-08
16.9500000000001,5.47355134373024e-12,142.655740104097,1.99972166843326,0.32904737941112,-5.57885017543579e-11,1.73113078779456e-10,1.51115364616838e-12,6.5470946485308,2.93330326881043e-05,-0.0169185894417856,-5.2908628541267e-10,-3.73153131168667e-08
17.0000000000001,5.55081496159452e-12,142.978911633792,1.99972323708236,0.328142223825389,-5.63549191841522e-11,1.753688114935e-10,1.57977509052612e-12,6.37984913630802,3.34144214508764e-05,-0.019287616752934,-6.99970800313869e-10,-4.20911881345938e-08
17.0500000000001,5.6315715942608e-12,143.293733817018,1.99972500998406,0.327117903394266,-5.71493325356891e-11,1.78460831224931e-10,1.65086923053505e-12,6.21313160293921,3.75023238947988e-05,-0.0216839102211461,-1.26264713603491e-09,-6.26231429575034e-08
17.1000000000001,5.71594472674201e-12,143.60023468005,1.99972698734075,0.325972996845264,-5.71250384452232e-11,1.78926451104497e-10,1.72440678355917e-12,6.04700724880661,4.15917807367981e-05,-0.0241118874147742,-6.61980487260748e-10,-2.94771980202779e-08
17.1500000000001,5.80404958502127e-12,143.898445525242,1.99972916910266,0.324706050297558,-6.00404885409346e-11,1.89441968600243e-10,1.79999269945844e-12,5.88154191670114,4.56776634044386e-05,-0.0265585676712027,-5.76034561289439e-09,-1.95132337870363e-07
17.2000000000001,5.89598472597298e-12,144.188400963152,1.99973155495921,0.32331557924695,-6.01065139974499e-11,1.90464526197093e-10,1.87744645596503e-12,5.71680209192938,4.97546668481825e-05,-0.0290454473477075,-5.83666578923052e-09,-1.7138977236545e-07
17.2500000000001,5.99182841749218e-12,144.470138944666,1.99973414433006,0.321800064396859,-6.18407148061163e-11,1.9747014200222e-10,1.95617157464531e-12,5.55285490242893,5.38173058238628e-05,-0.0315567572443878,-1.04449950915817e-08,-2.65212045766319e-07
17.3000000000001,6.09163991881186e-12,144.743700793137,1.99973693635597,0.320157954964475,-5.93354492549523e-11,1.89382312607398e-10,2.03617689196525e-12,5.38976811888847,5.78599085618909e-05,-0.0341152448816251,-2.4909298566451e-09,-6.03716892379894e-08
17.3500000000001,6.19546491665992e-12,145.009131236523,1.99973992988934,0.318387663885364,-5.95761654442012e-11,1.91156513253875e-10,2.11685168135663e-12,5.22761015486418,6.18766100422152e-05,-0.0366955875319633,-2.35264197636798e-09,-4.87660936128471e-08
17.4000000000001,6.30334312178714e-12,145.266478439534,1.99974312348437,0.316487571588475,-6.02043767801472e-11,1.94525494585256e-10,2.19828018017866e-12,5.06645006689508,6.58613480052277e-05,-0.0393070127928882,-3.96878019754265e-09,-6.79925910239358e-08
17.4500000000001,6.41531622230094e-12,145.515794035783,1.99974651538712,0.314456023656994,-6.04589857005675e-11,1.96620413246145e-10,2.28063269535726e-12,4.90635755461976,6.98078573174141e-05,-0.0419532981561065,-4.28716881671589e-09,-6.08050003142737e-08
17.5000000000001,6.53143383365091e-12,145.757133159947,1.99975010352516,0.312291330614337,-6.07038500830878e-11,1.98846346222175e-10,2.36407496803728e-12,4.74740296089788,7.37096631096293e-05,-0.0446336737954258,-4.95309964963225e-09,-5.49473142938394e-08
17.5500000000001,6.65175651709973e-12,145.990554479928,1.99975388549702,0.309991767396879,-6.327868273027e-11,2.13349133486743e-10,2.44818739079056e-12,4.58965727194545,7.75600769147027e-05,-0.0473363515380381,-3.56894883376286e-08,-2.89268905935545e-07
17.6000000000001,6.77635495248143e-12,146.216120229026,1.99975785856131,0.307555576028859,-6.19409691834179e-11,2.09113676580131e-10,2.53466857442512e-12,4.43319211749318,8.13521900025156e-05,-0.0500938037321159,-2.59058951132989e-08,-1.54769678546364e-07
17.6500000000001,6.90530635342763e-12,146.433896238119,1.99976201962554,0.304980960609851,-6.14318852332561e-11,2.08402363377255e-10,2.62261790352369e-12,4.27807977095901,8.50788662725286e-05,-0.0528837870743678,-2.10215315287515e-08,-8.94902411447807e-08
17.7000000000001,7.03868867387337e-12,146.643951967852,1.99976636523465,0.302266091361823,-6.14861664411437e-11,2.10313650100649e-10,2.71200398766108e-12,4.1243931496514,8.8732737112306e-05,-0.0557082311056077,-2.03813776779367e-08,-7.37050439021949e-08
17.7500000000001,7.17657471494003e-12,146.846360540837,1.99977089155917,0.299409103515039,-6.16510671646602e-11,2.15037258073404e-10,2.8024332870848e-12,3.97220581499633,9.2306194632059e-05,-0.0585674385123593,-3.44195818362423e-08,-1.12598273814425e-07
17.8000000000001,7.31902689909144e-12,147.041198773867,1.99977559438311,0.296408097714097,-6.14759402708282e-11,2.23228170284146e-10,2.89336685520724e-12,3.82159197278298,9.57913838463537e-05,-0.0614615497395058,-7.63653309848805e-08,-2.18321681433231e-07
17.8500000000001,7.46609441417274e-12,147.228547210138,1.99978046909145,0.293261140943712,-6.10702315244693e-11,2.26088155972719e-10,2.98580820557013e-12,3.6726264734302,9.91801976165813e-05,-0.0644002648982916,-8.83262164169219e-08,-2.17582208440203e-07
17.9000000000001,7.61781286861599e-12,147.408490151489,1.99978551065734,0.289966266288885,-6.16767940653161e-11,2.21397735760548e-10,3.08036857026346e-12,3.52538481227215,0.000102464269671955,-0.0673862143079578,-3.10048982059005e-08,-6.85469718494742e-08
17.9500000000001,7.77420623711526e-12,147.581115690652,1.99979071362898,0.286521473126027,-6.13127710783049e-11,2.25315208434392e-10,3.17368937382657e-12,3.37994312986142,0.000105634966725352,-0.0704037273500009,-4.68668621810462e-08,-8.81238403701689e-08
18.0000000000001,7.93528985618419e-12,147.74651574353,1.99979607211616,0.282924729994913,-5.86479343685627e-11,2.33825719873444e-10,3.26558151096681e-12,3.2363782122879,0.000108683383729801,-0.0734576113661584,-1.38345810377344e-07,-1.96938189778231e-07
18.0500000000001,8.10107441064889e-12,147.904786081469,1.99980157977648,0.279173974937049,-5.57854645740823e-11,2.36978833745925e-10,3.35832201243031e-12,3.0947674915208,0.00011160033812811,-0.0765587061748431,-2.00185964468538e-07,-1.98317223349078e-07
18.1000000000001,8.27156917440488e-12,148.056026363573,1.99980722980131,0.275267115970565,-5.94085124841984e-11,2.34311306967632e-10,3.45512138157202e-12,2.95518904577588,0.000114376362419504,-0.0797077487530474,-8.77778664097138e-08,-8.50620054996752e-08
18.1500000000001,8.44678439243548e-12,148.200340169018,1.99981301490142,0.271202032537812,-6.01880650649507e-11,2.36189458885178e-10,3.550202223714e-12,2.81772159991103,0.000117001698735247,-0.082894870199274,-6.21573411788447e-08,-6.06401364941206e-08
18.2000000000001,8.62673054888719e-12,148.337835029401,1.99981892729232,0.266976578431066,-6.03431627029416e-11,2.39077018730319e-10,3.645096490226e-12,2.68244452584683,0.00011946629319729,-0.0861241290427573,-5.45203977361304e-08,-5.57624775211442e-08
18.2500000000001,8.81141758961397e-12,148.468622461097,1.99982495867931,0.26258858281083,-5.93300116001049e-11,2.43250853717165e-10,3.73948298019696e-12,2.54943784302925,0.000121759791711707,-0.089395852427359,-7.77565750037205e-08,-7.50161870102548e-08
18.3000000000001,9.00085201419249e-12,148.592817997655,1.99983110024237,0.2580358526038,-5.82304963623867e-11,2.48135574112521e-10,3.83385783442182e-12,2.41878221892388,0.000123871532788425,-0.0927107920158244,-1.05124528180086e-07,-1.08877249290732e-07
18.3500000000001,9.19503398529438e-12,148.710541222208,1.9998373426206,0.253316175150997,-5.88761842861154e-11,2.49127265886611e-10,3.9294809525484e-12,2.29055896954996,0.000125790543630429,-0.0960744454223095,-7.22809796033976e-08,-6.32248746794357e-08
18.4000000000001,9.39395478415192e-12,148.821915799914,1.99984367589661,0.248427319959469,-5.60608632038575e-11,2.55420759036249e-10,4.02259490100966e-12,2.16485006004798,0.000127505535976186,-0.0994773140081536,-1.40547289070842e-07,-1.2326484600027e-07
18.4500000000001,9.59759448070591e-12,148.927069510431,1.9998500895806,0.243367043388751,-5.47857878824148e-11,2.59266356034363e-10,4.11625607038887e-12,2.04173810528289,0.000129004901489535,-0.102927720542019,-1.60884174373137e-07,-1.34318252892787e-07
18.5000000000001,9.80592209589772e-12,149.026134280414,1.99985657259432,0.238133090140461,-4.92616393463598e-11,2.71401290164877e-10,4.2063044724507e-12,1.92130637048421,0.000130276709494662,-0.106414560172295,-3.12555366038583e-07,-3.11920386477452e-07
18.5500000000001,1.00188963038214e-11,149.119246216054,1.99986311325485,0.232723198024162,-2.26520181150586e-11,3.02555686648309e-10,4.28353287469347e-12,1.80363877192611,0.000131308703833213,-0.109928423222535,-1.00653583112343e-06,-8.60056428966061e-07
18.6000000000001,1.02364644279776e-11,149.206545635648,1.99986969925829,0.227135105949069,-4.44032365166347e-11,2.81721451708825e-10,4.3880990709657e-12,1.68881987764136,0.000132088301310207,-0.113539038641632,-4.04331125640099e-07,-3.85324342331747e-07
18.6500000000001,1.04585709983486e-11,149.288177102202,1.99987631766338,0.221366547225539,-3.94726604426115e-11,2.82224381812217e-10,4.47663128739279e-12,1.57693490816623,0.000132602591081967,-0.117174108172233,-4.78287000949682e-07,-3.27966389451116e-07
18.7000000000001,1.06851530495367e-11,149.364289456079,1.99988295487515,0.215415266198718,-4.69501386692126e-11,2.82652739330179e-10,4.5697489042691e-12,1.46806973733699,0.000132838334891157,-0.120853000670042,-2.8497075679271e-07,-2.78077596395001e-07
18.7500000000001,1.09161462313167e-11,149.435035847683,1.99988959662855,0.209279018390584,-5.14200343619717e-11,2.76645369497264e-10,4.6607862080896e-12,1.36231089311787,0.000132781968448879,-0.124584837373787,-1.26013971402433e-07,-8.87602483293978e-08
18.8000000000001,1.11514844826508e-11,149.500573770186,1.99989622797221,0.202955575257406,-5.08800110355991e-11,2.81114274757533e-10,4.74714596604252e-12,1.25974555847054,0.000132419604068114,-0.128349404135792,-1.20281731590871e-07,-1.1508137739828e-07
18.8500000000001,1.13911004077725e-11,149.561065092306,1.99990283325239,0.196442733543883,-4.90181564962637e-11,2.83876104100954e-10,4.83173678789145e-12,1.16046157226966,0.000131737034698686,-0.132159910779936,-1.33306180855155e-07,-1.05134141902196e-07
18.9000000000001,1.16349253743448e-11,149.616676091118,1.99990939609708,0.189738319582895,-5.02790055250537e-11,2.83969410190883e-10,4.91667795166056e-12,1.06454743024586,0.000130719738525405,-0.136015980375915,-6.6660949272519e-08,-4.44243710742851e-08
18.9500000000001,1.18828899046314e-11,149.667577484927,1.99991589940051,0.182840196396237,-3.74301423635904e-11,2.95747607433178e-10,4.99266889579501e-12,0.97209228597865,0.000129352888117901,-0.139902504205088,-3.46690431452737e-07,-2.17884655184552e-07
19.0000000000001,1.213492153225e-11,149.713944466186,1.99992232530802,0.175746273921952,-4.30871736477832e-11,2.97334903560429e-10,5.07676490881364e-12,0.883185951913919,0.000127621356311101,-0.143839570771144,-1.87307562225215e-07,-1.9645910209751e-07
19.0500000000001,1.23909489327901e-11,149.755956734461,1.99992865520139,0.168454512055884,-4.84224754459148e-12,3.37196168437256e-10,5.13606267142343e-12,0.79791890041328,0.000125509729781657,-0.147779876021402,-1.10448845826732e-06,-9.29173014182642e-07
19.1000000000001,1.2650896970279e-11,149.793798529458,1.9999348696848,0.160962939557876,-1.86673225892104e-12,3.26421282735224e-10,5.21436943888204e-12,0.716382264835225,0.000123002321294695,-0.151809748888735,-1.07756277969992e-06,-6.5439053818639e-07
19.1500000000001,1.29146948189239e-11,149.827658664099,1.99994094857152,0.15326964964706,-2.02920732972773e-11,3.14802374941417e-10,5.30121841783951e-12,0.638667840629051,0.000120083183963578,-0.155876525761567,-5.91664002742606e-07,-3.72387760408755e-07
19.2000000000001,1.31822762019142e-11,149.857730557652,1.99994687087138,0.145372818823401,-2.71265827188576e-11,3.15955236134309e-10,5.38049559531252e-12,0.564868086448985,0.000116736129911392,-0.15996533192253,-3.96256409468599e-07,-3.51945408699167e-07
19.2500000000001,1.34535813492478e-11,149.884212268924,1.99995261477922,0.137270717337175,-2.88309760502615e-11,3.07416496603403e-10,5.45694540898293e-12,0.495076125275973,0.00011294475139532,-0.164099315997558,-2.80291152631839e-07,-1.26983644727456e-07
19.3000000000001,1.37285614854416e-11,149.9073065295,1.99995815766445,0.128961715825995,-3.1025716803244e-11,3.09854079613937e-10,5.53209148386605e-12,0.429385745537264,0.000108692442754862,-0.168251991280458,-1.85820034823403e-07,-1.35612901274917e-07
19.3500000000001,1.40071822249942e-11,149.927220777048,1.99996347606181,0.120444301390341,-2.8373210721866e-11,3.11170017794278e-10,5.60458382772234e-12,0.367891402222753,0.000103962428009239,-0.172435852166565,-1.89924836079426e-07,-1.17206115006294e-07
19.4000000000001,1.4289426449604e-11,149.944167188669,1.99996854566358,0.111717087015421,-3.04329992118679e-11,3.09954031636898e-10,5.67927797751463e-12,0.310688217981069,9.87377895413733e-05,-0.17664784779818,-8.51019501462784e-08,-5.61157426323294e-08
19.4500000000001,1.45752980586321e-11,149.958362714314,1.9999733413133,0.102778824817526,-2.70755998626089e-11,3.1201175953435e-10,5.75163808977229e-12,0.257871984188689,9.30015009040816e-05,-0.180879562802822,-1.02502863007587e-07,-6.67009355743966e-08
19.5000000000001,1.48648243737533e-11,149.970029110241,1.99997783700121,0.0936284195538835,-3.16394205903191e-12,3.23432245801206e-10,5.81498080140946e-12,0.209539161971463,8.67364636940191e-05,-0.185122547432739,-5.76583472308548e-07,-2.65739219717485e-07
19.5500000000001,1.51580570418474e-11,149.979392972529,1.99998200586168,0.0842649440636116,-2.02021533167072e-11,3.14252860228147e-10,5.89942776104817e-12,0.165786883177952,7.99255473642701e-05,-0.189402342837813,-1.30434097964877e-07,-5.93711363811476e-08
19.6000000000001,1.54550795047513e-11,149.986685770633,1.9999858201726,0.0746876484032531,3.20530694321958e-12,3.22570012145622e-10,5.96657103010971e-12,0.12671295127385,7.25516321564302e-05,-0.193677566663719,-5.80634200939348e-07,-2.08538501891609e-07
19.6500000000001,1.57560028717472e-11,149.992143880995,1.99998925135719,0.0648959814327133,-1.52084200131416e-11,3.13966332388267e-10,6.05612563075036e-12,0.0924158421565535,6.45976581290893e-05,-0.197978504751803,-1.06742071031077e-07,-2.35662550482289e-08
19.7000000000001,1.60609761914575e-11,149.996008620672,1.99999226998816,0.0548895987333932,1.65018060922874e-11,3.22039783888416e-10,6.12550652708818e-12,0.0629947048508638,5.60466747202002e-05,-0.202266774063299,-7.27918587344675e-07,-1.82119076648835e-07
19.7500000000001,1.63701812212273e-11,149.998526281014,1.99999484579464,0.0446683847282871,-8.41297773557877e-12,3.13711496776284e-10,6.22538388419604e-12,0.038549362087194,4.68818979169511e-05,-0.206571363410117,-1.15857186636499e-07,-1.62967432203961e-08
19.8000000000001,1.66838438980909e-11,149.999948161362,1.99999694767193,0.0342324618427992,-6.25217851058919e-12,3.13095407049159e-10,6.31757219197324e-12,0.0191803107230741,3.70867690112745e-05,-0.21086271873783,-9.13912587323588e-08,-1.3947458756233e-08
19.8500000000001,1.70022306446101e-11,150.000530602756,1.9999985436943,0.0235822107261439,-1.85227762371695e-12,3.12035774999006e-10,6.41454993039186e-12,0.00498872199792778,2.66450173647154e-05,-0.215143886017255,-1.13420085524808e-07,-1.03341062300382e-08
